,Close,Log_Returns,Realized_Volatility,HL_Spread,OC_Spread,Log_Volume
2023-12-10 01:50:27.900680,25656.93683666902,-0.017051198366881737,0.026805109780248495,0.022424235755983433,-0.006504264194484453,21.82538030964272
2023-12-11 01:50:27.900680,27150.14324879152,0.056568345535268204,0.029121614452798605,0.051170534763325656,-0.01717312038494422,20.925965272532768
2023-12-12 01:50:27.900680,27166.304652700943,0.0005950832578618746,0.028776759292326565,0.027250318871632664,-0.009217137924514788,21.809934725824316
2023-12-13 01:50:27.900680,26344.145758586837,-0.030731327868676796,0.027477966724144504,0.05250148968652458,0.011533898809490078,22.27262301437299
2023-12-14 01:50:27.900680,27029.32601612415,0.025676347363095518,0.028118620625586652,0.03600763897624133,0.019111058050382157,21.075029752905735
2023-12-15 01:50:27.900680,26083.34833296551,-0.03562530949913071,0.028636363418492877,0.06502196052178502,0.009600735832348066,22.123897652124285
2023-12-16 01:50:27.900680,26273.55772351175,0.007265907850142883,0.02682514591073993,0.03373152875810067,-0.0037887083261034056,21.693546226263297
2023-12-17 01:50:27.900680,24798.24587819623,-0.05779010371639332,0.027574558516917404,0.07327214558596726,0.018270799827412854,22.009931794390933
2023-12-18 01:50:27.900680,23853.413683711715,-0.03884558146695286,0.02803822891906429,0.05482448035200726,0.0001453712416767883,21.436679455334094
2023-12-19 01:50:27.900680,24018.711575545705,0.006905837076073651,0.02772856209859734,0.030516002035932188,-0.003858766200190418,21.216722927916393
2023-12-20 01:50:27.900680,24581.329047589243,0.023153997399862413,0.028469753083367865,0.014972390725289879,0.00667449791955736,21.21908977079935
2023-12-21 01:50:27.900680,24732.74864154764,0.006141048435699305,0.028638022604970267,0.047355581206542735,-0.010720317555678201,20.97166206531055
2023-12-22 01:50:27.900680,24671.74774350187,-0.0024694484716473496,0.028463609126668888,0.050967953672844596,0.01598765269458266,21.278636524669032
2023-12-23 01:50:27.900680,24474.350775956904,-0.008033110867678597,0.027126939062292642,0.03779152730769917,0.017288294455868557,22.019875489350046
2023-12-24 01:50:27.900680,23435.922676872626,-0.043355659711022926,0.026767096759130925,0.08677657099263358,-0.00904499163252425,22.23327282961961
2023-12-25 01:50:27.900680,22958.188634049995,-0.0205953262518413,0.026823466183033072,0.04315783621457476,0.00018037988278622855,22.17171370780002
2023-12-26 01:50:27.900680,22665.76220440915,-0.012819163128793422,0.02655949246260897,0.0818693823329764,-0.007479727910589939,22.042495085248543
2023-12-27 01:50:27.900680,23419.50400670737,0.032713666786567286,0.027405119780607577,0.08206154732143497,0.0026137201798607313,21.08910785284449
2023-12-28 01:50:27.900680,23685.847750186087,0.01130854868705382,0.02738889621236095,0.04844662060425717,0.010247872253116162,21.49186819678281
2023-12-29 01:50:27.900680,22488.105472873835,-0.05189120466088209,0.02791321334878031,0.00879159914103938,-0.012603223987583971,21.52939677828457
2023-12-30 01:50:27.900680,22730.53200176974,0.010722519081843792,0.02637911553931579,0.028183805658619044,-0.011834892963591444,21.416326907094202
2023-12-31 01:50:27.900680,22491.929915427303,-0.010552468412489387,0.026379702388428752,0.04779990542685443,-0.00772767677831127,21.841688151523492
2024-01-01 01:50:27.900680,22061.82886332348,-0.019307660009178867,0.02636860899338574,0.02602891050084757,0.009198027119080377,21.86819388510104
2024-01-02 01:50:27.900680,22492.888736607987,0.019350288665225975,0.026101918748171235,0.07764823201742191,-0.0035962470041470923,21.61014584310914
2024-01-03 01:50:27.900680,23222.67538856306,0.03192998567487852,0.02698410603754578,0.03091240244639312,0.005592142272313942,21.605029981552516
2024-01-04 01:50:27.900680,23904.52071609625,0.028938403573486034,0.027652137417966065,0.04415939033643635,0.016608037882863882,22.18518293495793
2024-01-05 01:50:27.900680,23333.522643822896,-0.024176525696679253,0.0273643163339653,0.07538995110302629,-0.016418476886759296,22.148100726648117
2024-01-06 01:50:27.900680,23141.20270068124,-0.008276371275536284,0.02719578556329038,0.07060957344258467,0.014741406937389718,21.525797921913217
2024-01-07 01:50:27.900680,23395.70827103113,0.010937902942106939,0.027242799870474427,0.03106855246656563,-0.017690890169761428,22.26124078182219
2024-01-08 01:50:27.900680,24114.63583283449,0.030266353813670887,0.027933065934833835,0.021296942931884236,0.0021644437804377954,22.29422485536545
2024-01-09 01:50:27.900680,23794.244530899658,-0.01337522713535867,0.027875649586128714,0.05002449390660957,0.012755332210244478,21.55920088546065
2024-01-10 01:50:27.900680,23685.7583898372,-0.004569769299914329,0.02554483085530986,0.04788320513646843,-0.0016732334923935425,21.606082427656364
2024-01-11 01:50:27.900680,22935.4536227937,-0.03219004922018109,0.026014098591878518,0.04027114520328962,-0.014698562724596197,21.829362254420488
2024-01-12 01:50:27.900680,22149.118697080623,-0.03488619872242003,0.026162905114018677,0.046469913445888286,-0.009203504148167382,22.28445492140049
2024-01-13 01:50:27.900680,22718.361687524197,0.025375774671826126,0.026150497484163256,0.07457332359880735,-0.012113899872458792,22.22851537617729
2024-01-14 01:50:27.900680,23685.444024740424,0.04168720085712471,0.026907605258053892,0.07051625579652114,-0.0063112498087175535,21.067048325117295
2024-01-15 01:50:27.900680,23657.977655393763,-0.0011603036474101768,0.02683832223343368,0.03595382371669674,-0.007632361609933424,21.667530805265873
2024-01-16 01:50:27.900680,24405.447524362145,0.031105986936760754,0.025511659570701433,0.04123673834598134,-0.013775413483139692,21.890621780271477
2024-01-17 01:50:27.900680,24696.349700979,0.011849080751429127,0.024547080922086486,0.059319000821285946,0.010114559558989128,21.826046058106044
2024-01-18 01:50:27.900680,24247.217164343896,-0.01835359263815379,0.02477526081451217,0.04317545242006804,0.00042318046022451106,21.297321028965317
2024-01-19 01:50:27.900680,24536.056335758007,0.011841868165252362,0.024500239550535003,0.041207988481207845,0.011277383448270187,22.212853673143286
2024-01-20 01:50:27.900680,25720.409477973983,0.047141096993979115,0.025958299620480556,0.052358082909271686,-0.01913348870691662,22.033694602616983
2024-01-21 01:50:27.900680,25718.48614749085,-7.478117329857726e-05,0.02594997268625997,0.023882231783164252,-0.017452377930670497,22.193817128893006
2024-01-22 01:50:27.900680,26981.44340303996,0.04793930967442027,0.027230053888620816,0.027309241926604024,0.018768701981992566,22.212806331632436
2024-01-23 01:50:27.900680,24967.050990801614,-0.07759235312269233,0.029842795068019862,0.06753459039059329,-0.008155940545242721,22.107914698890546
2024-01-24 01:50:27.900680,25615.92095179811,0.025657075131256733,0.02982410713944864,0.011434124127408496,-0.016725434186787486,21.73735180594656
2024-01-25 01:50:27.900680,25708.59784381771,0.003611412047145247,0.029661637736684354,0.0567496197389093,0.012942350427650422,21.959372868257255
2024-01-26 01:50:27.900680,25504.509046640294,-0.007970220513976271,0.029240029744115235,0.04830395802863632,-0.0027104427557876876,21.21885291691653
2024-01-27 01:50:27.900680,25600.402785929888,0.0037528232960652363,0.029197105529564532,0.04306710687388206,-0.01634783848034374,22.03013317002514
2024-01-28 01:50:27.900680,24142.67491039441,-0.058627067438026925,0.029652869308891994,0.03291097752172016,0.01899629280267393,21.263852004131248
2024-01-29 01:50:27.900680,24008.09010161471,-0.005590156635125245,0.02964392230312012,0.013557988909591766,-0.0078349396546542,22.051877684185378
2024-01-30 01:50:27.900680,24290.959358451968,0.011713377145352385,0.02960210596334638,0.043166240261939166,0.008172284568289893,21.374753507793077
2024-01-31 01:50:27.900680,25417.57997462204,0.04533682134224564,0.03029964390027296,0.038926292626707444,-0.016692478834707005,21.10866782092064
2024-02-01 01:50:27.900680,25050.479098919877,-0.014548106548209374,0.030367222377711434,0.04974431883736836,-0.01849386235276563,21.230768723473204
2024-02-02 01:50:27.900680,24474.65628897456,-0.02325480808679591,0.030262547436901092,0.06590648379549238,-0.017460377146400256,20.731202797652525
2024-02-03 01:50:27.900680,24133.126341063733,-0.014052711307536044,0.029946944892452247,0.05480145609032453,0.0010324962827193132,22.077800782897942
2024-02-04 01:50:27.900680,24829.873309469785,0.02846206353106219,0.030004361363386644,0.04495612608975215,-0.01427497997584184,22.091804544583535
2024-02-05 01:50:27.900680,25101.05884932116,0.010862533289790706,0.029980205333594287,0.03672031453789514,-0.013594615280671877,21.84159362514559
2024-02-06 01:50:27.900680,24730.00353227392,-0.014892806113011268,0.030106409075678044,0.06310879667239136,0.007288722125597098,21.221280472441897
2024-02-07 01:50:27.900680,25138.869836545968,0.016398022993400707,0.029759491235518985,0.0625577121736936,-0.012985770136362564,21.011610702984058
2024-02-08 01:50:27.900680,25237.413945363627,0.003912326480441157,0.029630890204069348,0.054127944568096116,0.018869145422176735,20.796995613860393
2024-02-09 01:50:27.900680,26007.551120230717,0.03005934971598699,0.0300393244781904,0.03557710369806079,-0.003836023399022773,21.231884652818596
2024-02-10 01:50:27.900680,25490.99699335885,-0.020061592816320695,0.029626539339331282,0.04884828374105132,0.010917552213131647,22.241338648514038
2024-02-11 01:50:27.900680,25266.90575015022,-0.008829864397933056,0.028833052854833008,0.03288615923463995,0.015411225744030733,21.3993418140548
2024-02-12 01:50:27.900680,24996.410179767943,-0.010763244593964843,0.028680572280328397,0.037369844882846434,0.01721315066599664,21.605828233811884
2024-02-13 01:50:27.900680,23946.610104196403,-0.04290544844396348,0.02892207739953083,0.04358899658816224,-0.007790384434157545,21.074895431737247
2024-02-14 01:50:27.900680,24184.46250260732,0.009883608311937263,0.028972228187820206,0.024763939289266925,0.006446289945722105,21.3595490885329
2024-02-15 01:50:27.900680,24398.997363178416,0.008831658165396692,0.028447696481963086,0.04841520382859762,-0.008910558958366845,21.847187875905615
2024-02-16 01:50:27.900680,24427.15549271941,0.001153403699273791,0.028360851792214186,0.028347867823186695,0.017693358613291802,21.95612072917184
2024-02-17 01:50:27.900680,24280.118080933764,-0.006037614001254402,0.02818004962205405,0.03474594868756361,0.007443381062836055,21.40707417477696
2024-02-18 01:50:27.900680,23294.02074419911,-0.04146112226151237,0.029076739763539264,0.06057437961907404,-0.0015771603310232368,20.931034711632016
2024-02-19 01:50:27.900680,23024.925523318,-0.011619359682960571,0.027613330836641064,0.046801877266415035,-0.011495249184615757,21.66488565297002
2024-02-20 01:50:27.900680,22812.209842743046,-0.009281435495803299,0.027622922451570116,0.08774300854877629,0.007302844776203691,21.384309925927237
2024-02-21 01:50:27.900680,22291.993853108,-0.023068318076648584,0.02601458174256784,0.08388195879728359,-0.0050104242890690485,21.353588064129507
2024-02-22 01:50:27.900680,22206.58846637289,-0.003838571349980256,0.022266089017503585,0.023072246439629622,-0.015204368020176292,22.30006716526566
2024-02-23 01:50:27.900680,22499.89288016318,0.013121525704436265,0.021805026433869466,0.06244924447263965,-0.004613147766978532,21.966036749189527
2024-02-24 01:50:27.900680,23833.594651103784,0.057585577036315845,0.024537778622196103,0.029531713492416456,0.010796949937145705,21.89497794827887
2024-02-25 01:50:27.900680,23982.717331088275,0.006237334384955197,0.024566135121536332,0.0180790208425318,0.019392898635106924,21.702756850575103
2024-02-26 01:50:27.900680,24192.91862307924,0.008726511721683126,0.02462336844895428,0.08892069929034249,-0.014587994936104095,21.72234406048407
2024-02-27 01:50:27.900680,24163.098016056545,-0.001233377472985168,0.022170150737971024,0.00774807929881342,0.01952307529959183,21.874982783670163
2024-02-28 01:50:27.900680,22834.29237467044,-0.05656313645897111,0.024451469008655125,0.07267214683829977,-0.014766741990411794,22.05450172669416
2024-02-29 01:50:27.900680,22838.96437741691,0.00020458373652328885,0.02432418899744646,0.04755224878102528,-0.0011561471377012835,22.060523404739822
2024-03-01 01:50:27.900680,22903.16126554864,0.002806906298230678,0.02264852766580056,0.050530448285753524,-0.017259582926404504,21.24608463333785
2024-03-02 01:50:27.900680,24684.418409167152,0.0748972633745588,0.026670488427520685,0.03664856577378501,-0.011810182054572925,21.822028450750633
2024-03-03 01:50:27.900680,24566.93374382686,-0.004770828943433769,0.026337896927329064,0.09380008231383848,-0.019528409963520718,21.69700717284256
2024-03-04 01:50:27.900680,24814.98742437873,0.010046420270008325,0.02625794231211215,0.05799131069246944,0.006007400739944252,22.22335927854103
2024-03-05 01:50:27.900680,24813.9612691592,-4.135309115706497e-05,0.025737857869680605,0.04631057711647507,-0.01057451608290655,21.98333793877737
2024-03-06 01:50:27.900680,23983.02067375108,-0.03406034112858589,0.026381554451270977,0.017197254143122957,0.003938212130255572,21.864304038502198
2024-03-07 01:50:27.900680,24844.360682417533,0.03528468443545044,0.02708563189011488,0.04129377952040479,0.0008056236949287533,21.102782900711816
2024-03-08 01:50:27.900680,25436.592412748792,0.0235579909806033,0.02726465751608642,0.050786693570445865,-0.005074338294543877,21.953652179525797
2024-03-09 01:50:27.900680,26073.5070139292,0.02473095841129136,0.02761996477099411,0.07190190901749026,-0.014726959458998361,21.107722214838834
2024-03-10 01:50:27.900680,25397.17933939865,-0.026281623643842334,0.0274971964230258,0.05767531976978315,-0.01899552203964398,21.577181594918073
2024-03-11 01:50:27.900680,26515.300601385006,0.043083829328082975,0.02837409643739024,0.04378952857644232,-0.01061700613534277,21.17521232556144
2024-03-12 01:50:27.900680,25448.744650561715,-0.041055531883768336,0.02936406651515818,0.0381456514093916,0.0033001841036379453,22.049888372424412
2024-03-13 01:50:27.900680,25926.668959281043,0.0186057128140083,0.029473972956290506,0.043704352608930144,0.003155646689533898,21.324850457583615
2024-03-14 01:50:27.900680,27715.33298078875,0.06671366877429918,0.030589042973789993,0.0379437684512291,-0.009413829690569595,21.666174154291323
2024-03-15 01:50:27.900680,26930.775613568803,-0.028716089753920548,0.031177121053823517,0.053161052544260484,0.010559246833119325,22.245553987137928
2024-03-16 01:50:27.900680,26503.6053748388,-0.01598893188808312,0.03136188377771098,0.0036717936041642018,0.0158276465978675,21.320598754701276
2024-03-17 01:50:27.900680,26609.553796130105,0.00398954095262933,0.03136115483715554,0.016764358818874458,0.005849127033079033,21.832231100423822
2024-03-18 01:50:27.900680,26236.87980008555,-0.0141042696234859,0.031474383540643934,0.05640160494251827,0.008583489610018934,21.707994967663893
2024-03-19 01:50:27.900680,25069.35400069297,-0.045519902931984095,0.031678301139450395,0.07214444815564068,0.008214605115991829,20.79325463317303
2024-03-20 01:50:27.900680,25146.10548992974,0.003056889244180995,0.03156668873395175,0.06694680654175021,0.010770456604284854,22.151429433308422
2024-03-21 01:50:27.900680,24381.72611134625,-0.030869111411783348,0.03209644443201999,0.027933303136306223,0.018658017750376784,20.967139919241305
2024-03-22 01:50:27.900680,24755.35167088656,0.015207772919055722,0.03181616196455507,0.025777931637258576,0.019664268873802383,21.786948488711943
2024-03-23 01:50:27.900680,24105.95650254885,-0.02658272702701442,0.03226472796186807,0.05170886996138298,-0.01913558152738064,21.8996762177935
2024-03-24 01:50:27.900680,25278.569966323244,0.047498032150526386,0.033241944521466574,0.07592601618847894,0.0028974455871626312,21.979937108767214
2024-03-25 01:50:27.900680,24716.212408288186,-0.022497598770086863,0.031971829698923225,0.021588382280525214,0.004648442149167984,22.046228020532006
2024-03-26 01:50:27.900680,24503.048922751543,-0.00866184548617045,0.03200677811224641,0.020259327661322223,-0.007134622684589627,21.42293646105053
2024-03-27 01:50:27.900680,25133.536557508545,0.02540551652109015,0.032294298710886675,0.02199275670216723,0.011398301571506028,20.76240491949281
2024-03-28 01:50:27.900680,24246.617973877583,-0.03592592949301884,0.03300051253470362,0.044709339345287695,-0.017680230657247286,22.08264487124588
2024-03-29 01:50:27.900680,24437.06264488008,0.007823798038124156,0.03123371510256595,0.04592256112720029,-0.011324096632087527,21.868324719860137
2024-03-30 01:50:27.900680,25439.80881548765,0.040214282628472826,0.03198795434298715,0.032572115704377284,0.016697797179816,22.192169796262398
2024-03-31 01:50:27.900680,24266.352652155205,-0.04722449703683695,0.03330744983085275,0.04661701235306138,0.003307673604299726,22.17851554112305
2024-04-01 01:50:27.900680,24425.550646325424,0.0065390157559692,0.030350297523315816,0.029727192890460878,-0.014938198520836644,22.198784778148884
2024-04-02 01:50:27.900680,24641.357386252934,0.008796483827452508,0.030383237977980655,0.09451053500867135,-0.017478353550817227,21.8018041994323
2024-04-03 01:50:27.900680,25251.38263462405,0.02445468615331948,0.030658502230139432,0.04439508732224937,0.0013056420282839616,21.571069391312058
2024-04-04 01:50:27.900680,24355.85788209363,-0.03610852132634245,0.031382374135956334,0.06810583293562528,-0.0045159690753695265,22.15027806189286
2024-04-05 01:50:27.900680,23433.31416866432,-0.038613698392528234,0.031560184458094734,0.07793268623570103,0.013498422819524819,21.754732280579614
2024-04-06 01:50:27.900680,23826.941572127274,0.01665824696850694,0.031004694981042923,0.051655955284170885,-0.01926818787089118,21.273563365360847
2024-04-07 01:50:27.900680,24064.22937212193,0.009909540196995366,0.03072481117750438,0.05473445817021202,0.010849581939159567,22.20938202127679
2024-04-08 01:50:27.900680,24270.005952160125,0.00851478551037637,0.03038180225546045,0.015657560407509152,-0.017401109993432445,22.234040646586614
2024-04-09 01:50:27.900680,24548.106213145777,0.011393446284909245,0.030137826670434256,0.03336624710371966,-0.005950248569331817,21.77591761314814
2024-04-10 01:50:27.900680,24076.444830796125,-0.019400741647354735,0.029118516317217638,0.08511586526899255,-0.004290979938137368,20.987780794890067
2024-04-11 01:50:27.900680,24269.042829490914,0.00796761091483004,0.028285436660657148,0.034439452312471676,-0.0005072829740362192,21.659870579325403
2024-04-12 01:50:27.900680,24507.856870611235,0.009792174198960371,0.028113776137400095,0.05038627669562061,0.010890533508907509,22.161713898924994
2024-04-13 01:50:27.900680,24012.228278536542,-0.020430542540790977,0.02512571739773545,0.037119277273888064,0.013108487854326624,22.250863585540156
2024-04-14 01:50:27.900680,25420.004620586315,0.05697323533434281,0.027103663018409493,0.09458133511591123,0.011306969796867076,21.31874008263809
2024-04-15 01:50:27.900680,25809.72696849679,0.015214987627353387,0.027144023245384848,0.06490449617920795,0.012701781217932143,20.96062344746279
2024-04-16 01:50:27.900680,24928.515031609244,-0.03473910491607938,0.027816850275337746,0.02491532461051099,-0.011059694191536145,22.22943034608349
2024-04-17 01:50:27.900680,25449.82682618558,0.020696608259015037,0.02802707379550254,0.0636441926046077,0.0060311462928335806,21.662342880467175
2024-04-18 01:50:27.900680,24741.16581164881,-0.02824045010681983,0.027247640447137438,0.07758277890861742,0.01800472986410064,21.876064452866213
2024-04-19 01:50:27.900680,25357.66437390165,0.02461253811227345,0.02762461702643732,0.07547604114196707,-0.018418498560905983,22.306824398981924
2024-04-20 01:50:27.900680,26280.806815232383,0.03575786737022234,0.027712192250648096,0.06725999483984503,-0.015119331950825038,20.959332652125806
2024-04-21 01:50:27.900680,25667.31581415735,-0.023620469550551193,0.028003418679422038,0.07582396470210974,-0.016822260907343765,22.00232905354175
2024-04-22 01:50:27.900680,26446.391141060576,0.029901283877329574,0.027969455285615164,0.07120471421377284,-0.019412026357938927,20.982873761041294
2024-04-23 01:50:27.900680,26802.713597038564,0.013383427808094822,0.02676939899083608,0.042354562372874216,0.01321658973934512,21.640306573443173
2024-04-24 01:50:27.900680,27499.420749927547,0.02566180479983458,0.026696587980715513,0.026739238134880463,0.00416761618153285,22.161976679614202
2024-04-25 01:50:27.900680,29138.744953364432,0.057903789479618335,0.028360438789233333,0.049942779334709794,-0.010223930538643577,21.72899094970553
2024-04-26 01:50:27.900680,28953.963028063576,-0.0063616434800860475,0.028194807253658836,0.04097564586581408,-0.0077798244820190925,22.330447088357655
2024-04-27 01:50:27.900680,28334.921009466343,-0.021612084930724598,0.02759811131401401,0.023302801085251103,0.014038515250287225,21.897677115530094
2024-04-28 01:50:27.900680,27616.393643774565,-0.02568543288876573,0.02816038211096008,0.055529059084815584,-0.01247571523446495,21.549478068961154
2024-04-29 01:50:27.900680,26975.66762059036,-0.023474308548963076,0.027739654295797302,0.048148400167533155,0.011145223988494317,21.35477444989943
2024-04-30 01:50:27.900680,26940.27042987596,-0.0013130512824230014,0.026154086582754706,0.06934552923392623,0.01117070144587215,21.599601755750037
2024-05-01 01:50:27.900680,27244.63901621609,0.011234559244499237,0.0261870266771653,0.06512998977844328,-0.0014767927733154778,21.635601998218686
2024-05-02 01:50:27.900680,27499.2159232639,0.009300723979900576,0.026190611443831502,0.01308557983288492,-0.0037038280521547863,20.9660980576096
2024-05-03 01:50:27.900680,28218.36451302123,0.025815497471080504,0.026229022692604957,0.025900414012877092,-0.0031932190014872207,21.630837386470635
2024-05-04 01:50:27.900680,28257.61691647918,0.0013900567563373328,0.025137143246566053,0.0419828202873196,0.01661197492056439,21.77302188724715
2024-05-05 01:50:27.900680,29546.611550248326,0.04460602231471954,0.024752466785993528,0.06195537271093688,-0.014873862466918892,22.08191944026438
2024-05-06 01:50:27.900680,29342.276614566803,-0.00693970499713857,0.024833679364149364,0.07614450670949095,0.009464739679563681,22.011649072201166
2024-05-07 01:50:27.900680,31869.02194058527,0.08260507499768849,0.028420978040388834,0.01986238544868813,0.015042321373412508,22.067451600684887
2024-05-08 01:50:27.900680,32505.34246486084,0.01977002043295008,0.0284836058376388,0.06564314940943905,-0.015311825484503463,20.75617313207
2024-05-09 01:50:27.900680,31711.82794765489,-0.024714726692488684,0.02916599575711844,0.07060101271618985,-0.017899816795552807,21.349562278223353
2024-05-10 01:50:27.900680,30739.945271032488,-0.031126774941833083,0.029628199098980377,0.06303247751183784,-0.014278282277032964,22.017098674500158
2024-05-11 01:50:27.900680,31219.31988270737,0.015474172457295312,0.029658337670864086,0.0647071335425073,-0.01222923716957105,21.800299463165643
2024-05-12 01:50:27.900680,31041.755402252355,-0.00570388355977545,0.02976789525068843,0.05902326069734256,-0.006171357077721769,20.74429702657758
2024-05-13 01:50:27.900680,31745.572330174757,0.02242001482276267,0.02938835825824267,0.053621235376143946,-0.0020301648704769597,22.16262183855559
2024-05-14 01:50:27.900680,32231.698383847543,0.015197128737206146,0.028009226142651975,0.06093039084793069,0.016798042156267644,22.132113522586778
2024-05-15 01:50:27.900680,32193.53071211992,-0.0011848673797063246,0.02802185039916683,0.05640229601917333,0.003675330063500598,21.884438645851944
2024-05-16 01:50:27.900680,31417.394712424863,-0.024403811542051956,0.02754582130067741,0.04529779413887062,0.005118525200868723,20.959012280419852
2024-05-17 01:50:27.900680,30051.61173109789,-0.04444541674057605,0.029015273248371564,0.04862444694736035,0.009703093913528674,22.125940357534933
2024-05-18 01:50:27.900680,29681.40768633081,-0.012395448562010466,0.02851912927376541,0.05518304351365908,-0.008857645500949836,21.927694842774255
2024-05-19 01:50:27.900680,30484.33087467544,0.026691963829704093,0.028568238600254016,0.03286294385794773,0.0001649978166375368,22.141020082792213
2024-05-20 01:50:27.900680,30711.45223837728,0.007422812323906093,0.02801829427706833,0.07010754787787615,0.017043773499812412,22.11130566649543
2024-05-21 01:50:27.900680,29614.48082465287,-0.036372163361359566,0.028561942317402954,0.060466179456068685,0.011319365870562061,22.16120539912488
2024-05-22 01:50:27.900680,29798.52472838416,0.00619542777553561,0.028167836398315608,0.08329893430252004,-0.007277007530258326,21.84560515563322
2024-05-23 01:50:27.900680,30175.140040546343,0.01255952139186487,0.028158750081321026,0.027323915648953288,0.017247187644511365,21.16878341077888
2024-05-24 01:50:27.900680,29414.939302692503,-0.02551572308603393,0.028347665966879026,0.044027036140096225,-0.013853656563157287,22.02743592186359
2024-05-25 01:50:27.900680,29580.47271372708,0.005611753178365961,0.02634411384446893,0.04989502052274343,0.00019417661667949418,21.970842563309343
2024-05-26 01:50:27.900680,29661.820078114743,0.002746261553379828,0.026314758117310023,0.054821110654677936,0.0007771403851249202,22.10178322308694
2024-05-27 01:50:27.900680,28690.65874822013,-0.03328910893491851,0.026740688764097943,0.08817266475170205,-0.0036826989841926595,21.241776271887776
2024-05-28 01:50:27.900680,29029.286840465207,0.011733620810448625,0.02635108322761694,0.0232433066092234,-0.01282073272164871,21.29982346969808
2024-05-29 01:50:27.900680,29551.32987977477,0.017823535791047073,0.026069813917960143,0.05941329488453564,0.006124917928354296,22.240947621816836
2024-05-30 01:50:27.900680,30557.80954467673,0.03349153729525848,0.026637673780344436,0.09202841675033575,-0.007070300991167283,22.10953799652192
2024-05-31 01:50:27.900680,31570.85377539343,0.03261406156104691,0.027114091500004777,0.06108362027645097,-0.00262238358290146,22.256451871181973
2024-06-01 01:50:27.900680,30322.932215381345,-0.04033008103871269,0.028324219385130262,0.07476926484821217,0.00940652739154741,22.118237760296893
2024-06-02 01:50:27.900680,29511.1900116871,-0.0271347511974537,0.028519216523636263,0.06570890663189347,-0.014919244520241159,21.94368895730592
2024-06-03 01:50:27.900680,30000.695714228383,0.016451058016259668,0.028649601820077385,0.04006920297302816,-0.011757165387217411,22.008781101969376
2024-06-04 01:50:27.900680,30497.1778674095,0.016413578527366468,0.027648600002301425,0.061742941484847526,-0.006298155216377067,22.23982318894644
2024-06-05 01:50:27.900680,31003.049821480105,0.016451430589181283,0.02774500915362998,0.036284175025150564,-0.013829336653520968,21.921791940606777
2024-06-06 01:50:27.900680,34836.56402982611,0.11658194471964167,0.031583682909406316,0.08425326896957554,-0.014479045263956674,21.984440555354986
2024-06-07 01:50:27.900680,35473.79450826701,0.018126715320794896,0.03155494919630375,0.08132495233294515,-0.008265629025871383,21.20933156784262
2024-06-08 01:50:27.900680,36739.821092910046,0.03506696920541811,0.031637596957518055,0.04476936489135877,-0.013301225523151891,21.786487493900434
2024-06-09 01:50:27.900680,37844.33364524566,0.02962005290479606,0.031192749405123257,0.07224256936569265,-0.007836955464745013,22.07537975806499
2024-06-10 01:50:27.900680,38629.76142169149,0.02054173753917403,0.03125427152736257,0.05290896234442794,-0.007154081202053111,21.457444971231055
2024-06-11 01:50:27.900680,38304.405793160346,-0.008458077339210395,0.031297192813203374,0.055066177780968346,-0.004722051566833525,21.316049287704978
2024-06-12 01:50:27.900680,39225.772792297576,0.023769076614797997,0.03132106134690053,0.03694691667212835,-0.010007503080352571,21.53655204625135
2024-06-13 01:50:27.900680,38365.14033496651,-0.022184756436127114,0.03172683729781487,0.020198348118053315,0.013844858346575457,21.399268136885897
2024-06-14 01:50:27.900680,38131.65150103622,-0.0061045582022001225,0.03177689602993218,0.07065568987639335,-0.015006213254558497,21.343654430217015
2024-06-15 01:50:27.900680,37618.042118177895,-0.01356090643487321,0.031483674224241615,0.06014387397866783,-0.014655755201178029,21.71629661238014
2024-06-16 01:50:27.900680,37748.28344697618,0.0034562241815896174,0.030017400627774162,0.010365297738824138,0.019191486454255616,22.256115115103714
2024-06-17 01:50:27.900680,40503.15045332574,0.07043975700020531,0.031867424545031144,0.048383844814238144,-0.012865004661991579,21.831246963326016
2024-06-18 01:50:27.900680,38334.94200951954,-0.05501795577775238,0.0338535203105143,0.0445063912422383,0.015068906308879915,21.283842034547245
2024-06-19 01:50:27.900680,39171.506597806445,0.021587805711235353,0.03394905835384992,0.04133587903328549,0.0066390318769335285,20.991678449013744
2024-06-20 01:50:27.900680,37358.786585408045,-0.04738147613568962,0.03450148897214752,0.029550326640608814,-0.009646371408416069,22.054212533064984
2024-06-21 01:50:27.900680,36870.44117564438,-0.013157955973682916,0.03471172826599808,0.08218908857520492,0.013756271314496409,21.65195738339662
2024-06-22 01:50:27.900680,38132.94839886292,0.03366851790902089,0.035038655314954155,0.046448309187846766,-0.012558947715515736,22.17892854943153
2024-06-23 01:50:27.900680,38244.78061163876,0.0029284005728638035,0.03448649182673787,0.03471053470792432,-0.013111180275002072,22.01471175742389
2024-06-24 01:50:27.900680,37065.06022761709,-0.03133234333787911,0.03525350870988749,0.04838678816150496,-0.0002986201498023641,22.15476436956784
2024-06-25 01:50:27.900680,36314.44666131322,-0.020459111277799296,0.035614563790476374,0.05755399528683983,0.020142265402457907,21.459369129340857
2024-06-26 01:50:27.900680,37099.50303410214,0.021387932468040435,0.034886778651239424,0.04251847112488423,0.008591662532687101,22.050191143076347
2024-06-27 01:50:27.900680,36331.7703688601,-0.020910998951514107,0.03529138940588034,0.050043317194630225,-0.004655303523226633,21.444148770544263
2024-06-28 01:50:27.900680,36605.05453613864,0.007493757687459333,0.03523733754663647,0.07970188356404481,-0.018883978738884415,22.28273040848171
2024-06-29 01:50:27.900680,36691.80701901063,0.0023671551971146034,0.03489107132325675,0.016113265215295835,-0.005244887197454652,21.988944220422706
2024-06-30 01:50:27.900680,36017.51967520751,-0.018548010428174524,0.03480054899106881,0.05396741845765099,0.009701063182889503,21.555325556502048
2024-07-01 01:50:27.900680,38448.658289491104,0.06531832267975975,0.03545812932044657,0.01182165275182805,-0.005331649267632749,21.454694563900322
2024-07-02 01:50:27.900680,39226.06193128615,0.02001757066954026,0.03489148727985627,0.059851784493429774,-0.0015968611446653118,21.29068330747926
2024-07-03 01:50:27.900680,36950.792441031335,-0.059754277599728046,0.03707269103105041,0.020858402178537176,-0.011069901369128712,22.052609836969356
2024-07-04 01:50:27.900680,37195.237277730026,0.006593629443082765,0.0370295381191704,0.031219555740163586,0.01597186452664171,21.351801135273504
2024-07-05 01:50:27.900680,36500.54269999556,-0.018853593943051687,0.03726650856496559,0.04254179208465009,-0.010333225690953353,21.941500376938578
2024-07-06 01:50:27.900680,37483.47349418453,0.026573000043886793,0.03112779809598246,0.060011964661967995,-0.001647942948350978,21.44526288341552
2024-07-07 01:50:27.900680,36639.412557638,-0.022775622152980856,0.03131229315396992,0.054741344924163125,-0.01818293795909072,22.017410857091743
2024-07-08 01:50:27.900680,36550.044862303504,-0.002442093244007177,0.03065016757725194,0.06760925580756673,0.006365375077385999,22.172478402941323
2024-07-09 01:50:27.900680,37145.10621195132,0.01614961836941382,0.030295278972535342,0.06600617590567757,-0.005276882519375551,22.13719992062916
2024-07-10 01:50:27.900680,38160.64266683507,0.026972655825103536,0.030472425060100627,0.05442800825267823,-0.01698756008438094,22.12035307603613
2024-07-11 01:50:27.900680,36847.79558711066,-0.03500889221167342,0.03109354638328944,0.038263556135922465,0.016156492829554343,21.283389852151906
2024-07-12 01:50:27.900680,36516.37384624447,-0.009035037075228519,0.030756808579047952,0.06928973173774361,-0.017188526944114223,21.025989063659374
2024-07-13 01:50:27.900680,36035.78235768324,-0.013248359334828628,0.030601324649819923,0.058015759908353955,-0.007459368538204225,22.05715979499412
2024-07-14 01:50:27.900680,35371.71615852221,-0.018599876977211174,0.030742590122975446,0.04669130465092704,0.017590597815148823,21.628855053794872
2024-07-15 01:50:27.900680,37332.94382904008,0.053963627208432625,0.03233579507541893,0.06018695584217319,0.008025350810096985,21.727342111824584
2024-07-16 01:50:27.900680,37827.09333413254,0.013149451328828847,0.03242245520631184,0.06634554878160022,-0.008258119149347293,20.840690027935583
2024-07-17 01:50:27.900680,36459.39159232042,-0.03682651863005161,0.03023532115303827,0.03167025038085505,0.01761074710699007,21.435384808626374
2024-07-18 01:50:27.900680,37514.77819451531,0.028535858411643255,0.029155681764115208,0.07836171586361827,-0.00327605062355915,20.849639085513537
2024-07-19 01:50:27.900680,40020.81230567189,0.06466468591037909,0.03127591437378298,0.02939626909617174,0.006202916704299512,22.23105701606713
2024-07-20 01:50:27.900680,41321.11317611437,0.03197395781653437,0.030411683111781582,0.06888464496866027,-0.0048133404087902535,21.403118401366257
2024-07-21 01:50:27.900680,39519.43140617367,-0.044581098978620406,0.031521118997887426,0.013540537650335548,0.018506589271643753,21.895546306569422
2024-07-22 01:50:27.900680,38988.45057208888,-0.013527022185987494,0.031076831174205535,0.03689271329142491,-0.014643843177141978,20.868160050695767
2024-07-23 01:50:27.900680,40539.33744180199,0.03900733447559871,0.03185287060572464,0.06344894175937334,-0.018587519351994368,22.022745956068647
2024-07-24 01:50:27.900680,39727.4630731849,-0.02023008396856356,0.03151565680956676,0.04924860218675491,-0.018409835641360336,21.552738358925573
2024-07-25 01:50:27.900680,40300.234848666616,0.014314582844386815,0.031287915006474855,0.029628589515999552,-0.009887337592080112,22.247511099067463
2024-07-26 01:50:27.900680,41289.008149762776,0.024239021602880075,0.031348484106857415,0.03499135247533229,0.015018776477796144,22.23893638530566
2024-07-27 01:50:27.900680,40196.8407368652,-0.026807914147342703,0.031525246199785514,0.0672871954391535,-0.010224899231022704,21.556680255870596
2024-07-28 01:50:27.900680,40165.26804579353,-0.0007857606818537777,0.0315241401444328,0.04414234470530615,0.019385161722016365,22.250157353241487
2024-07-29 01:50:27.900680,36480.01670096647,-0.09623802020207202,0.03637049261971447,0.04978677721718661,0.019487563850937965,22.329625154365186
2024-07-30 01:50:27.900680,35411.371372774694,-0.02973162924002884,0.03662156196094458,0.06905832298272623,0.007105726334454977,22.182267449444367
2024-07-31 01:50:27.900680,35179.23343356154,-0.00657704454179467,0.03444943910852975,0.08341940480147986,0.0004544788409998148,22.200197064026042
2024-08-01 01:50:27.900680,33920.59845085753,-0.03643349545894551,0.03469183471917805,0.030909047982546914,-0.010700556320166112,21.41442852241607
2024-08-02 01:50:27.900680,35658.75835681305,0.049972339117949224,0.034486645093089935,0.0543225976023867,-0.007278450808974601,21.919249693368045
2024-08-03 01:50:27.900680,34195.38014813009,-0.04190424133881903,0.035237882890655436,0.059131416925005,0.0021685843266527655,20.961513667640023
2024-08-04 01:50:27.900680,33780.68592930123,-0.01220133460090941,0.035154229375241736,0.021611283755600882,0.0091376743812177,21.045111444261124
2024-08-05 01:50:27.900680,33947.371701872755,0.004922217318582619,0.03475504496469476,0.03317100108162376,-0.019497277042147765,22.33181744655681
2024-08-06 01:50:27.900680,35482.855385783405,0.044238198671983524,0.035603546422551,0.031051571770672297,0.002961492451208604,21.559021772863026
2024-08-07 01:50:27.900680,34020.85668346094,-0.04207586453538323,0.03638305142538693,0.07928408511087087,0.0019483075479099536,22.107742459278565
2024-08-08 01:50:27.900680,35264.21396300986,0.03589491256464879,0.036904863277546086,0.04087329660523718,0.013638554546850699,22.16467797041885
2024-08-09 01:50:27.900680,35310.33413535054,0.00130699183058767,0.03651188469736926,0.07506026841034137,-0.01165494241740585,22.212137789110574
2024-08-10 01:50:27.900680,34320.0733986933,-0.02844525953143851,0.03633012275856112,0.057474153434272826,-0.007687729965224749,22.33080458523112
2024-08-11 01:50:27.900680,34833.985933766955,0.014863104227898206,0.0364407508755764,0.06910535229375704,0.011295375976757125,21.39925970810028
2024-08-12 01:50:27.900680,35077.68973762656,0.006971790867204164,0.036404320357694774,0.05179701571925057,0.016988547757404472,20.872894859562535
2024-08-13 01:50:27.900680,34486.18475842735,-0.01700650631476405,0.03637875722185457,0.0406165425448491,-0.007168217750941863,21.6958484571275
2024-08-14 01:50:27.900680,34593.05241351951,0.003094062549700514,0.03489109471768043,0.05832133447229534,-0.006142485257014684,21.14218843895577
2024-08-15 01:50:27.900680,34229.69207364941,-0.010559407905852854,0.03479181653856193,0.01265601019687122,0.009152629784332067,20.809171530737803
2024-08-16 01:50:27.900680,34380.82434261707,0.004405520357537494,0.0342329166799572,0.060295928202812786,-0.017715059496808093,21.615963348598914
2024-08-17 01:50:27.900680,35105.67847464906,0.02086392023563131,0.03402529892480844,0.06095656226959001,0.014155258964989295,22.14274180025493
2024-08-18 01:50:27.900680,36853.23495070907,0.04858050448436059,0.03304785409977994,0.06991587837350512,0.0027139535666177374,21.906440685166235
2024-08-19 01:50:27.900680,35545.3354550146,-0.03613446496480524,0.0329194429158214,0.09895099402376754,-0.01743525454713244,21.53469013456949
2024-08-20 01:50:27.900680,37932.18416141301,0.06499100123968775,0.0344228281955893,0.09043724661715224,0.0032212504596450826,22.009012532866144
2024-08-21 01:50:27.900680,35810.36240098973,-0.057562633985674974,0.03586781213218333,0.0614461262308279,-0.00551050399504262,21.379786751425105
2024-08-22 01:50:27.900680,35683.3342199326,-0.003553552851067543,0.034986655008373994,0.046419173442331076,0.00411307214666424,20.779197851838827
2024-08-23 01:50:27.900680,36355.055307136674,0.018649516194537242,0.035094347197838084,0.06159438087266813,0.009113701314337726,22.123811550100935
2024-08-24 01:50:27.900680,36699.496053004485,0.00942975603205087,0.03502270785479829,0.0627356969834069,-0.018991448456186086,21.97459129856826
2024-08-25 01:50:27.900680,36056.31557998932,-0.017680985594617702,0.034728532395994306,0.02616022580088521,0.003639840136310891,22.121787760544308
2024-08-26 01:50:27.900680,35867.74308723617,-0.0052436675107181765,0.0344734814107185,0.0699990534284225,-0.015519322048723909,20.86801710992957
2024-08-27 01:50:27.900680,35376.52067417767,-0.013790028039765085,0.03451602726390079,0.06878535630910569,0.010919769098346186,22.193091853582
2024-08-28 01:50:27.900680,34791.3015329686,-0.01668094270832627,0.02995870064134864,0.02101668555227293,0.011609034939595813,21.969753385013718
2024-08-29 01:50:27.900680,35725.169289806814,0.026488062910630664,0.029895291391096385,0.052641999554882024,0.019113095853265757,21.903022196979904
2024-08-30 01:50:27.900680,36145.98679453811,0.011710464578951462,0.02993677164986842,0.04551135467016222,-0.006030090428156702,21.975587620550645
2024-08-31 01:50:27.900680,35437.78554698733,-0.01978728785781963,0.029369767481080403,0.043630619760837784,0.0052867489797769635,22.21790617520233
2024-09-01 01:50:27.900680,36443.62825961909,0.027987996262997507,0.02837496891118696,0.029412203174976427,-0.014364970177865321,21.9315531286424
2024-09-02 01:50:27.900680,36817.95453288136,0.010218985626298851,0.02724807717344246,0.02807949034329094,0.001072753298776643,21.924375001131782
2024-09-03 01:50:27.900680,37764.574651721145,0.025385863565168445,0.027414181198266142,0.025245033043896217,-0.01838345657456613,22.325219135258948
2024-09-04 01:50:27.900680,38523.18816273022,0.019888865257708478,0.027572612758202678,0.0024088970306070613,0.012739225830814773,22.116267818913286
2024-09-05 01:50:27.900680,37614.53329821117,-0.023869850327662315,0.026960695640374874,0.0853073414456559,-0.0145306730095324,21.741815359308116
2024-09-06 01:50:27.900680,37024.6929989905,-0.01580543120590933,0.02588685389981111,0.06280615725416162,-0.010942804302439161,22.066023062846657
2024-09-07 01:50:27.900680,37901.99982589715,0.023418808153698095,0.025433435064041325,0.03739602772408616,-0.010720694967503497,21.662069984399
2024-09-08 01:50:27.900680,38641.04233461976,0.019311107963003893,0.02561838822994906,0.02457850181119446,-0.013603715802721465,21.373245488397384
2024-09-09 01:50:27.900680,38655.45628332722,0.0003729521810757405,0.024929486112793033,0.09102360079973806,-0.01033307244538415,21.943330719030705
2024-09-10 01:50:27.900680,38830.56748327458,0.004519821499263508,0.024844951808010704,0.049685696295358385,-0.005023450404227748,22.27353285400094
2024-09-11 01:50:27.900680,40388.20169518849,0.039329946873652835,0.025683693128011807,0.07060522246861513,0.014971030662430228,22.274345150419546
2024-09-12 01:50:27.900680,39717.44704830672,-0.016747141665075026,0.025676177334108777,0.07897108198520196,0.019055266346747025,21.585151538388473
2024-09-13 01:50:27.900680,40415.100296103454,0.017412921435101238,0.025778031389625124,0.053439584643656945,-0.016555224685468006,21.858116789788586
2024-09-14 01:50:27.900680,40210.884000669415,-0.005065779573016899,0.025681662613620267,0.033407044506684906,-0.0046443420225228335,21.33658140166107
2024-09-15 01:50:27.900680,39989.11408373327,-0.005530436096816635,0.025758458688074512,0.07272738583137114,-0.011722445944487491,22.329202515005683
2024-09-16 01:50:27.900680,41370.60376871865,0.03396330555961579,0.026144142265862057,0.054322379591578165,0.0007396526211434296,22.317482823068403
2024-09-17 01:50:27.900680,42450.2611718902,0.025762490469641047,0.02516020876590493,0.07408076231849445,0.015545640006619022,22.003653900115797
2024-09-18 01:50:27.900680,43542.538389426605,0.025405289080019107,0.024205631874658556,0.04168397224253531,0.015220766696352467,22.162545417272593
2024-09-19 01:50:27.900680,45326.99261470925,0.04016436421462983,0.022511404516198454,0.02170713860595986,-0.007367922264705661,22.07403680937233
2024-09-20 01:50:27.900680,45400.941092456495,0.001630115248982638,0.01908756426394656,0.03768724315787031,0.002795557559315693,21.93895954546509
2024-09-21 01:50:27.900680,46385.70931439784,0.021458589138849037,0.019115820564096452,0.032470016268569935,0.012124247424425801,20.916685571304303
2024-09-22 01:50:27.900680,46001.93313050302,-0.008308002697803978,0.019267114267760902,0.07066278689848204,0.0003363312109934348,21.75966840048912
2024-09-23 01:50:27.900680,46497.958609417314,0.010724990574653348,0.019272238416378935,0.0415473811988778,0.01774089546466613,22.03136760549273
2024-09-24 01:50:27.900680,46363.11089070412,-0.0029042916310305527,0.01877872319922609,0.04911572428462455,-0.003268140314845463,22.0343317983042
2024-09-25 01:50:27.900680,46544.73988432904,0.003909878949781753,0.018623441089122787,0.01892660220491863,0.009326442612865471,21.63654823820401
2024-09-26 01:50:27.900680,47430.65306575947,0.018854710763107206,0.01821411153112028,0.057611469523703544,-0.011762364086331769,22.284934333073423
2024-09-27 01:50:27.900680,46326.86768423895,-0.023546620497004157,0.018597080397944225,0.03686743946615907,0.007643501589795178,21.235746967572673
2024-09-28 01:50:27.900680,49377.44330288284,0.06377161827056387,0.020874668879908992,0.07242296785979271,0.0017944081699415686,21.822357272759273
2024-09-29 01:50:27.900680,47957.40327648442,-0.0291805214449912,0.022110766175792138,0.07956301486563874,0.019924405214121036,22.04862475330029
2024-09-30 01:50:27.900680,46288.22119004667,-0.035425658383631875,0.022990074641079786,0.086418962879488,0.017399696259708462,22.055247408685222
2024-10-01 01:50:27.900680,47972.64022031707,0.03574332620500209,0.02325415339478115,0.041117719068919714,0.004318829825132046,22.002686267794992
2024-10-02 01:50:27.900680,49174.77229728569,0.02474988081888794,0.02342761143345287,0.028648882572052694,0.0008030910490058627,21.465752009521964
2024-10-03 01:50:27.900680,50154.30375230488,0.01972359451156487,0.023318993256227077,0.02673713340482519,-0.003984879132969628,21.208666739780195
2024-10-04 01:50:27.900680,51159.83203618545,0.019850365277928255,0.0233184004495962,0.03939479276689788,0.008403527622613424,21.98845451649185
2024-10-05 01:50:27.900680,51192.20582166382,0.0006325968145928116,0.022526528857874296,0.05945671748124221,-0.0077389174958649954,21.94621989178912
2024-10-06 01:50:27.900680,49882.47103935327,-0.02591763114457498,0.023000872399284448,0.04742323897664147,-0.014200341447449753,21.264091355264426
2024-10-07 01:50:27.900680,50046.06073212757,0.0032741367458115306,0.022887458806726053,0.015341094037769683,-0.011070120192413364,22.063661951381235
2024-10-08 01:50:27.900680,49088.70387408617,-0.019314851345363284,0.023383875117781693,0.024338009149011176,0.018760730471334086,21.760246652403474
2024-10-09 01:50:27.900680,50596.5067156474,0.030253592002532463,0.023683267929561564,0.038403518042687254,0.0007803305506700836,22.02374148250391
2024-10-10 01:50:27.900680,50424.179661747934,-0.0034117214450640966,0.023778775087069454,0.045262875482514016,0.016056530895111266,22.19331944930806
2024-10-11 01:50:27.900680,49239.98020576908,-0.02376491590377544,0.023767305196843783,0.04069711033509863,0.010425774586219237,21.24141282319578
2024-10-12 01:50:27.900680,48816.30246962417,-0.008641575249589898,0.023537640281946947,0.04948805584738162,-0.019094794835778483,20.797054697391943
2024-10-13 01:50:27.900680,49474.2468087863,0.013387943628268829,0.0234869235802175,0.05609452227060066,0.014507640124194629,22.138247345425906
2024-10-14 01:50:27.900680,48693.25556708618,-0.015911736584119294,0.02375686517927983,0.04041161660882608,4.447583995810643e-05,21.958385415497506
2024-10-15 01:50:27.900680,47554.3809955473,-0.023666611866992898,0.024295061535600602,0.04334100596605409,-0.00470399720297497,22.057887431553702
2024-10-16 01:50:27.900680,47951.23397384158,0.008310616344757325,0.02371322367974992,0.08828172522258684,-0.008033538417005779,22.194043776833066
2024-10-17 01:50:27.900680,48353.25458804353,0.008348997133261584,0.0233964700420856,0.025841586477579795,-0.0023802681450286224,22.161023866260187
2024-10-18 01:50:27.900680,47671.09490900138,-0.014208295261133782,0.023284178231398434,0.03755494132639575,0.020001376415660594,22.300940720891575
2024-10-19 01:50:27.900680,47049.210614225325,-0.013131149168549796,0.02236751381367951,0.04163986015901709,0.00699006957138821,21.868679111539898
2024-10-20 01:50:27.900680,47425.28789892634,0.007961498120729335,0.022401136146457667,0.0600190308335318,-0.000707964167034214,21.806420107578273
2024-10-21 01:50:27.900680,45454.55593405216,-0.04244253024491981,0.023447033381816307,0.05443547878768981,0.016761661727319938,21.681676460124443
2024-10-22 01:50:27.900680,43618.83894562769,-0.041223913231296545,0.0245602089211594,0.01929343448058815,0.006010837038611123,21.202454759662505
2024-10-23 01:50:27.900680,42731.4770584033,-0.02055332663757318,0.024674985855595934,0.06378119900242972,0.019027148193354246,21.914283767854258
2024-10-24 01:50:27.900680,42501.20386449985,-0.005403414551355365,0.024679513245867965,0.06446320693387454,0.017145885914181442,21.469029233141946
2024-10-25 01:50:27.900680,42942.39767637278,0.010327226967940023,0.024768217318068338,0.0650131602109505,0.004140139030630017,22.267680854921526
2024-10-26 01:50:27.900680,44930.6556299516,0.0452606865084868,0.025998718783188206,0.07958151267694392,0.014910424397547839,21.927067592076785
2024-10-27 01:50:27.900680,46147.83759902047,0.026729788696060616,0.026168776767996574,0.006738601807701616,-0.00269435477019445,21.938582275195884
2024-10-28 01:50:27.900680,45972.89336047984,-0.0037981558989031543,0.02322106434710926,0.05641444067013706,-0.007521595610284167,21.606908842298076
2024-10-29 01:50:27.900680,45992.64359209391,0.00042951376291940145,0.022665331085216546,0.03950847614020566,-0.01188062169007598,20.912196678313325
2024-10-30 01:50:27.900680,44674.62114887664,-0.029075880939134213,0.022364221346377437,0.042033991379235774,0.012139592382643736,20.842802944422907
2024-10-31 01:50:27.900680,44694.48816609286,0.0004446059202282608,0.02125556694781707,0.0636787870114861,0.013479989967848457,21.714048110515407
2024-11-01 01:50:27.900680,44353.4469648152,-0.0076597591676041904,0.020645067390396326,0.05971634181397716,0.016071493806827365,21.01463723051774
2024-11-02 01:50:27.900680,44829.750129282365,0.010681556810142732,0.02035926649738069,0.07534357785975515,-0.005427590480796752,21.95506424039267
2024-11-03 01:50:27.900680,43774.657590416144,-0.023816928306569774,0.0201745954204224,0.05951280209939118,-0.00819137624503117,22.232638527443886
2024-11-04 01:50:27.900680,44506.50915108923,0.016580395427235124,0.020540285650534115,0.046720423217122255,0.019094315891724653,22.234353993498193
2024-11-05 01:50:27.900680,46647.419935901074,0.04698216739007718,0.022185592706525446,0.05081295306389598,-0.01714926114080163,22.01419996842996
2024-11-06 01:50:27.900680,46541.98528030831,-0.002262804453705621,0.02216119838100055,0.09188652393646299,0.01824817694564745,21.335705724444548
2024-11-07 01:50:27.900680,47153.40232781694,0.013051351662968105,0.022098078092015375,0.032529657581985005,-0.0016491292921947081,22.216616423643053
2024-11-08 01:50:27.900680,48188.02209321934,0.021704319751333256,0.021728626362777288,0.04099233240706007,-0.008293070631870968,22.237155764598448
2024-11-09 01:50:27.900680,47659.11353496174,-0.011036614156575081,0.0217947319140904,0.043610124538752126,-0.014621795562349054,21.303588236073097
2024-11-10 01:50:27.900680,48028.599009597776,0.00772277445431251,0.02146007359241169,0.03253216287901147,-0.008490766796699079,22.096906563458756
2024-11-11 01:50:27.900680,48094.81707586355,0.0013777720234537463,0.021412227803120753,0.027284829860806267,-0.011925196653729066,21.486907918845432
2024-11-12 01:50:27.900680,48284.21526614604,0.003930282956465283,0.021269908930541967,0.05873637216833676,0.006463500850972811,22.160861789392214
2024-11-13 01:50:27.900680,47224.57470577795,-0.022190293515664202,0.021453705037517125,0.07879561213966224,-0.012436392996274684,22.33049162455845
2024-11-14 01:50:27.900680,47306.59490159914,0.0017353052277681933,0.021026125516190312,0.03771286486992644,0.017082310487132647,20.836687395009868
2024-11-15 01:50:27.900680,48066.70153561292,0.01593994873736357,0.02117787819265468,0.053186302048584974,-0.015547135520125974,22.247028961847366
2024-11-16 01:50:27.900680,50255.69982426481,0.04453430823385134,0.022644725478133107,0.028409586491846075,-0.0019000778773071506,21.973317170966034
2024-11-17 01:50:27.900680,51774.72493807373,0.02977812478255623,0.02302766555416943,0.0713661845569982,-0.012532845047110396,22.311179859003108
2024-11-18 01:50:27.900680,55284.77578432568,0.06559547372534658,0.025507450767803155,0.083945718028274,0.0019109132441326507,21.774100773264998
2024-11-19 01:50:27.900680,54080.68734665941,-0.022020426886641374,0.025985562153136736,0.0450959291039923,-0.005710312865457988,22.202492945672777
2024-11-20 01:50:27.900680,55570.1818962572,0.0271696191016202,0.02473869427777368,0.06311467292439399,-0.0010549922533344056,20.946070351108506
2024-11-21 01:50:27.900680,55932.57909840501,0.006500260172150362,0.023026009517773234,0.06671763759673587,-0.009178554587520146,21.57389366169154
2024-11-22 01:50:27.900680,59790.16058682344,0.06669408799653036,0.024706082091084047,0.05158731585435508,0.017019620679151186,20.96075886195144
2024-11-23 01:50:27.900680,58416.13641687067,-0.02324894856065462,0.025326592844810307,0.030732548873841796,0.017900717160158945,22.31278111200633
2024-11-24 01:50:27.900680,57019.90998978875,-0.02419165526542332,0.026111469799909068,0.025175187898296515,0.010219247222531312,22.174386716030526
2024-11-25 01:50:27.900680,56059.7858405963,-0.016981779363320647,0.02563653280980279,0.018631583308326972,0.013806228959343832,22.207183538174903
2024-11-26 01:50:27.900680,52651.87517567568,-0.0627168717292943,0.028364367985421236,0.05459566126478097,-0.014653426536467238,22.28180215231914
2024-11-27 01:50:27.900680,51879.78437260908,-0.014772650650422792,0.028543881174214813,0.08039991205818085,0.01135901864782418,21.016244317741634
2024-11-28 01:50:27.900680,50762.36447997056,-0.02177397984661091,0.02892574110652333,0.0354197680907955,-0.01867906157614937,21.656370566394262
2024-11-29 01:50:27.900680,51042.92967180933,0.005511813594286233,0.028273190794322074,0.0632684928273588,0.006567012624940319,20.97335472569733
2024-11-30 01:50:27.900680,51620.54314323925,0.011252679273314648,0.028289353146314228,0.023016786561133838,0.012879044067334219,21.334754058301773
2024-12-01 01:50:27.900680,54663.971787184586,0.05728512517647657,0.029750041825061524,0.03280770865925009,-0.01145519813376418,21.37426885198577
2024-12-02 01:50:27.900680,56301.29611776964,0.02951271514558155,0.03002847502056794,0.0416854531830429,-0.006308264196916546,21.779815377368696
2024-12-03 01:50:27.900680,55390.63005352148,-0.01630710966987227,0.029787925094028684,0.004056468704503073,7.217655095297299e-05,21.45286483870556
2024-12-04 01:50:27.900680,53971.60131742195,-0.025952440140450596,0.030364434543791067,0.04714814346016146,-0.0022096486776205133,21.06252876757843
2024-12-05 01:50:27.900680,54828.79882107124,0.015757575145195064,0.029447693348906817,0.07734309170283746,-0.008691860281681132,21.23606812025895
2024-12-06 01:50:27.900680,52752.363953421365,-0.038606996210619325,0.03050196470982676,0.051112199596566966,0.01098108480732672,21.186435074355202
2024-12-07 01:50:27.900680,55787.64050965156,0.055943762975630654,0.031905358323572115,0.022919782108774052,-0.01946687385295683,22.31092984769949
2024-12-08 01:50:27.900680,57854.74959854108,0.03638320362163854,0.03227122981498282,0.08565983186785095,-0.01863776318515039,22.118809795511144
2024-12-09 01:50:27.900680,57103.20716907031,-0.013075269563141112,0.03231066923444211,0.028951025875936398,-0.0059770870652598364,22.306574507057686
2024-12-10 01:50:27.900680,54296.85176947232,-0.05039403587272632,0.03390818324251127,0.01387214990628731,0.01216449857999495,21.738120339781855
2024-12-11 01:50:27.900680,56604.15644977529,0.04161617122496261,0.03458629874665672,0.04872993518242859,-0.007157530134202237,21.47159884179407
2024-12-12 01:50:27.900680,56466.42550447743,-0.002436195357578602,0.034615339421230296,0.026880997429155683,0.017409984401904288,22.15672351340515
2024-12-13 01:50:27.900680,58661.32857450641,0.038134489359203834,0.03472026235692379,0.04244263559545084,0.019133102870051745,21.55835331300947
2024-12-14 01:50:27.900680,55977.39129044128,-0.04683282976383101,0.03609052885780735,0.0287842133341859,0.009787552113822122,21.510601430102042
2024-12-15 01:50:27.900680,55034.850585411965,-0.01698125068861327,0.036265680474060244,0.012237283487263167,0.0014973203467222769,21.380798259387806
2024-12-16 01:50:27.900680,55098.57989311358,0.0011573109915453622,0.03547101142143611,0.06781852197152828,-0.014517050986813005,21.141131021276625
2024-12-17 01:50:27.900680,55231.4954532338,0.0024094178129423402,0.035110440835430023,0.045113697348001254,-0.009004937063610505,21.429256310728956
2024-12-18 01:50:27.900680,54545.29166275931,-0.012501964144377332,0.03308102746826061,0.05566341089557846,-0.009614916728368433,21.60756174779005
2024-12-19 01:50:27.900680,55629.68124734359,0.01968549797042515,0.033019512730395474,0.05385623875722891,0.0029891751610369756,22.030510722736217
2024-12-20 01:50:27.900680,53930.07399041349,-0.03102861288147807,0.03313483987603577,0.04871696188565078,0.006200813432831212,20.946616862638567
2024-12-21 01:50:27.900680,53753.93624378285,-0.00327138455063878,0.03310659914086729,0.06333292403844365,0.005185197057685074,21.334132845057592
2024-12-22 01:50:27.900680,54002.25288141578,0.004608868951356853,0.030549886401641992,0.0762336080245452,-0.019132778898133074,22.16690758789408
2024-12-23 01:50:27.900680,54897.01254552166,0.016433165021762487,0.030519619117564747,0.019327611883833463,0.018740373361845166,21.18554451502406
2024-12-24 01:50:27.900680,56137.68742494542,0.022348446342666663,0.030539270367588717,0.019930205610693724,-0.01446883905901849,21.586400735548086
2024-12-25 01:50:27.900680,54329.54111805001,-0.03273926275513595,0.030964710350386532,0.06506158165018819,-0.0031371437004005945,22.21810865672702
2024-12-26 01:50:27.900680,51937.68783707596,-0.04502342512206873,0.029899736414235163,0.06720674467044006,0.0024614269789483096,21.20550755287144
2024-12-27 01:50:27.900680,54021.11528141985,0.03933030465695542,0.030629129186750745,0.038353744348705504,-0.008929845769964969,21.009156813948525
2024-12-28 01:50:27.900680,54616.9576512287,0.010969420359387515,0.03035897785148273,0.04994584217491747,0.0005335268421151786,21.801046642876866
2024-12-29 01:50:27.900680,53457.6535539734,-0.021454596096696452,0.030662577003325066,0.05466852915902596,-0.014717101219562956,21.5161126613723
2024-12-30 01:50:27.900680,56060.10268273728,0.04753455926567531,0.03175490421309314,0.0823870817822501,-0.015775228029387467,21.903038196170325
2024-12-31 01:50:27.900680,56311.26570282503,0.004470239028785974,0.03004523007391446,0.0732536908315107,0.0031409979012378473,22.16196751789382
2025-01-01 01:50:27.900680,58397.52635157288,0.03637891552191493,0.030295113358291867,0.0227112969537891,0.009007295227270893,21.160613229486554
2025-01-02 01:50:27.900680,58574.47880149596,0.0030255544423032662,0.030114540940648662,0.07734675356608578,-0.0036804176326250817,21.924072536212304
2025-01-03 01:50:27.900680,62372.31606527284,0.06282243774645953,0.03161151296140263,0.06650564825145622,-0.016226879019806576,21.829196296546886
2025-01-04 01:50:27.900680,65810.65461121353,0.053660225273296204,0.03279877748252145,0.04908452942171826,0.011709027009525773,21.17835577352676
2025-01-05 01:50:27.900680,65386.30448251654,-0.006468924454372334,0.031798285389971176,0.060082982076759515,-0.004894588509461089,21.974883562219873
2025-01-06 01:50:27.900680,67387.52781096268,0.03014712852863064,0.0307655221871162,0.021954793424154767,-0.0052348608260038175,21.462610142865632
2025-01-07 01:50:27.900680,68773.68814016502,0.020361278487554636,0.030361652477898238,0.0531996488381946,-0.009238377452999928,21.805524218201562
2025-01-08 01:50:27.900680,71727.92764658568,0.042058946725970305,0.030846825948886516,0.07410970442839757,0.014957729024093161,21.00775980637528
2025-01-09 01:50:27.900680,69751.05003657143,-0.02794770381740282,0.029640245325341447,0.06029401982819363,-0.008559107821551573,21.766483882893134
2025-01-10 01:50:27.900680,71272.7465964653,0.021581543799953157,0.029085362534073688,0.08843721979853153,-0.016097917948389644,21.523406442169392
2025-01-11 01:50:27.900680,73645.77337523451,0.03275273460548768,0.029371430065032646,0.04575401630297246,0.012978970990702509,22.179441805183718
2025-01-12 01:50:27.900680,69930.68720359106,-0.05176218459269362,0.03083065188603191,0.06263280283529875,0.010609649940933594,20.928583371916687
2025-01-13 01:50:27.900680,67559.37313860444,-0.03449775537997303,0.03017909112921593,0.07072631218239948,-0.018506842373620543,21.70700177420799
2025-01-14 01:50:27.900680,63613.76310621682,-0.06017696533280322,0.03228366370157887,0.043453494196309034,0.012925867882044495,21.764858183666576
2025-01-15 01:50:27.900680,63164.82899113552,-0.0070822050333366575,0.03235095378296615,0.06490312463333237,-0.013977270285377902,22.084248622420663
2025-01-16 01:50:27.900680,64603.8438032327,0.0225262676738788,0.03251304816637469,0.0436865162891103,0.0003089811819602834,21.916324387306865
2025-01-17 01:50:27.900680,67649.815150857,0.04607071156288087,0.033163989566389857,0.016175333082228134,0.010214028585132059,22.02314392118131
2025-01-18 01:50:27.900680,67868.19161954298,0.0032228434125932794,0.03308598949325176,0.09061339790015686,-0.014613281149167648,22.13625011802847
2025-01-19 01:50:27.900680,71337.77080452825,0.04985846636713855,0.033207032590944874,0.05725676656351866,0.0021925867187520998,22.215902907731003
2025-01-20 01:50:27.900680,68512.95751706576,-0.04040304374644672,0.034364538449139746,0.045259021048773156,-0.0005923430789057383,21.536638396164534
2025-01-21 01:50:27.900680,65164.92832174973,-0.05010147318065452,0.03596968835269729,0.07955316432428725,0.005662549142545499,21.871331822757764
2025-01-22 01:50:27.900680,65121.51486320374,-0.0006664309668984898,0.03593844382057813,0.01932232773508674,-0.003704261487030705,22.19583704415258
2025-01-23 01:50:27.900680,65942.09098327531,0.012521963468179128,0.035826014791289856,0.014179461812854285,0.013642662303783436,22.324228843574073
2025-01-24 01:50:27.900680,65943.35428475455,1.9157557177113207e-05,0.03511676420586189,0.011664812236773778,0.004375802762441572,22.24016671479064
2025-01-25 01:50:27.900680,62039.59697587429,-0.061023263001196336,0.036035071266332354,0.06584335619847745,-0.01843043398074961,21.633888154270075
2025-01-26 01:50:27.900680,61935.85426900812,-0.001673601185383289,0.03549792859605802,0.06485856965122279,0.009769176176238393,21.3002533278151
2025-01-27 01:50:27.900680,59618.45393266921,-0.0381340850151458,0.03631474932579061,0.018227759868174688,-0.006230405264058501,21.807633873104862
2025-01-28 01:50:27.900680,60889.17036315038,0.02109017646490116,0.03616042313198368,0.05946610175530225,0.007041635343901023,22.10116652160467
2025-01-29 01:50:27.900680,61624.115525747366,0.01199794738290539,0.03526765017286999,0.05256119981181421,-0.010820559735759407,21.811920810354735
2025-01-30 01:50:27.900680,59970.746569152856,-0.02719639358982058,0.0356981667443949,0.03624428117322548,0.014986327499634595,21.79919733482322
2025-01-31 01:50:27.900680,59112.40959675567,-0.01441600752010085,0.035217558662440814,0.061289264734973134,-0.018446185556114308,22.19411310838924
2025-02-01 01:50:27.900680,57320.85235530617,-0.030776405656668605,0.03566867784600483,0.07816023112740157,0.0018518413221256412,21.617562509936885
2025-02-02 01:50:27.900680,57270.41083617631,-0.000880372918195205,0.03359102500012547,0.06568069139209065,0.010670641905612805,22.21373521885817
2025-02-03 01:50:27.900680,58994.15490945385,0.029654269615037192,0.03246564470369291,0.052444376429186534,0.01735622964266691,21.689191787186108
2025-02-04 01:50:27.900680,57332.43894783901,-0.028571781390066456,0.032781207604462306,0.06579786481627832,0.01338651543249854,21.561782003907858
2025-02-05 01:50:27.900680,58264.20840059735,0.016121395465535666,0.03236920822554839,0.0739076205650784,-0.0007903328222178326,21.758568944812396
2025-02-06 01:50:27.900680,57402.06367417672,-0.014907728551173274,0.032061016941301354,0.0723533607920308,0.006562660656394832,22.121930330445608
2025-02-07 01:50:27.900680,56108.87895922547,-0.022786184967870434,0.030871313975948,0.07978706549641361,-0.012984518943523846,21.13139945637971
2025-02-08 01:50:27.900680,55984.96426547826,-0.002210910798636823,0.030660100202452606,0.05649680385021784,0.0027721626946733643,21.303063376093096
2025-02-09 01:50:27.900680,54327.247124557776,-0.030057269672581287,0.030429767032331592,0.08533529930994087,0.010153486142538722,22.293085052201786
2025-02-10 01:50:27.900680,53485.81136469545,-0.015609479160415428,0.029402547327325553,0.02803596667073086,-0.004663945152464856,21.255050190361956
2025-02-11 01:50:27.900680,51649.47721416618,-0.034936336777665486,0.02874462728720111,0.04398773309027263,-0.00820323895856578,21.90833384825593
2025-02-12 01:50:27.900680,54840.10820530796,0.05994175398749191,0.031058793724234233,0.003107417470023049,0.013498095691498494,21.922404335115967
2025-02-13 01:50:27.900680,54953.0802267507,0.0020579065591516707,0.029416210948676642,0.04890666953245948,0.013474376298634039,21.80794749309106
2025-02-14 01:50:27.900680,53865.37989904216,-0.01999176523977747,0.029543710446614836,0.054539271617695465,0.018883106229228324,21.998343958659557
2025-02-15 01:50:27.900680,54266.51480391488,0.007419397322026526,0.02917941356401101,0.05696323938498518,-0.009367500760390328,21.37522997041367
2025-02-16 01:50:27.900680,54138.064029679226,-0.0023698414907247956,0.02750141214269985,0.0686779833895767,-0.006509529488754361,21.88973895679663
2025-02-17 01:50:27.900680,53834.17222316507,-0.005629087985996642,0.027430605592328117,0.01603151654428531,0.001015795763965371,21.635023518851607
2025-02-18 01:50:27.900680,54890.12379934975,0.019425001001302625,0.025738260735530583,0.07245002121837561,-0.013579866409997293,22.017079995962078
2025-02-19 01:50:27.900680,56207.976041080175,0.02372523130141898,0.02568052127037994,0.04171807762486415,-0.012079117095202475,21.17108403851966
2025-02-20 01:50:27.900680,55375.85314013293,-0.014915034428315805,0.02439657564148697,0.04820413753119574,-0.0034025576500482397,21.912178708119033
2025-02-21 01:50:27.900680,54481.93003067215,-0.016274547219340622,0.024457925542890772,0.04363035003556248,-0.014517003403229449,21.277772264320276
2025-02-22 01:50:27.900680,54088.28055075787,-0.007251550914549269,0.02420822850079316,0.03241177637495344,0.011906447040699347,21.47211838476365
2025-02-23 01:50:27.900680,50529.630246090375,-0.06805763494206746,0.026634909681650054,0.06453974023329995,0.015767985049667112,21.351788733914937
2025-02-24 01:50:27.900680,48332.49795427904,-0.04445573186595652,0.025670670551332275,0.026699230508843205,0.009295628421530516,21.27216793513297
2025-02-25 01:50:27.900680,50406.00918957408,0.0420062280233356,0.0272508610872685,0.049741608281586,0.018036062115440236,22.182541991571597
2025-02-26 01:50:27.900680,53008.87907973556,0.05034903140503862,0.028509294863832198,0.06620485227821861,-0.001245228592541774,21.485393349015013
2025-02-27 01:50:27.900680,52666.96179997824,-0.006471081186691212,0.028117038924941745,0.06272925440579656,-0.017164463591430115,22.27263418828665
2025-02-28 01:50:27.900680,53639.46352857404,0.018296708891672828,0.028270174944282564,0.03833339810334614,0.018772159025690977,22.3083508300759
2025-03-01 01:50:27.900680,54196.83769692035,0.010337504636306161,0.028066654346830398,0.06540382747484787,0.015347591547179065,21.912645237887983
2025-03-02 01:50:27.900680,59500.75407030896,0.09336642425365728,0.03305900007721421,0.07483422766850115,0.0019157017648977522,21.175617388241267
2025-03-03 01:50:27.900680,61594.724969758114,0.03458724734303714,0.033099729230422384,0.024008892287546935,-0.01705894273793907,21.63883349727466
2025-03-04 01:50:27.900680,61420.19596130078,-0.002837527744422994,0.0331083393151455,0.04833428919624439,0.007408234145754036,22.15618827766037
2025-03-05 01:50:27.900680,59744.22254341724,-0.027666213218012683,0.03313116375469456,0.08204278675786746,-0.00028930862383369336,21.627307014756795
2025-03-06 01:50:27.900680,56990.1874317451,-0.04719338960772737,0.03385951777448988,0.08784853100476318,0.018679615344236195,21.021938941759746
2025-03-07 01:50:27.900680,57396.48197256927,0.007103909076016708,0.03374948149423962,0.007992647901021476,0.014266954828192364,21.89486202292958
2025-03-08 01:50:27.900680,56164.92711577576,-0.02169052235852912,0.03387182601864098,0.036647683739705346,-0.01909354514940288,22.200424922136143
2025-03-09 01:50:27.900680,53872.75505938128,-0.041667611287930215,0.034466069135221766,0.036627995897198805,-0.018264933377323746,22.154463185891753
2025-03-10 01:50:27.900680,52890.70907554908,-0.01839718652727579,0.034606326595075336,0.026853141528712494,0.02020245793096253,21.254183788112872
2025-03-11 01:50:27.900680,51253.36382572882,-0.03144644010843194,0.03464621525742463,0.03072625254974484,-0.017751655136865347,22.029179099029204
2025-03-12 01:50:27.900680,53968.22786532847,0.051614249052177,0.035883535451344095,0.07083176519238499,-0.00553400191254234,21.35560994009967
2025-03-13 01:50:27.900680,55470.13086398482,0.027449192708483502,0.035577525727268244,0.04787647637039374,-0.014503290741026131,21.35071656713872
2025-03-14 01:50:27.900680,55512.34974959968,0.0007608207605015464,0.03387575183187848,0.042490287581327314,0.0018136892882063811,22.22651780297527
2025-03-15 01:50:27.900680,58090.59868861616,0.045398324166700796,0.03485852541591261,0.03488621298718509,-0.0006234522080318043,21.415750704205777
2025-03-16 01:50:27.900680,58283.84113285148,0.003321049229428218,0.034613797628744676,0.08449262391423308,0.0004463359165962233,21.4425628054969
2025-03-17 01:50:27.900680,56853.98766533247,-0.024838526039847805,0.03495913612125648,0.029770204194055513,-0.006630315792960739,20.7258759915723
2025-03-18 01:50:27.900680,59571.66750937017,0.04669372231808951,0.035904175996092955,0.0720005192639572,0.014624750225477668,22.223486057150545
2025-03-19 01:50:27.900680,60603.18109380427,0.01716730131053979,0.035952333955482675,0.06758348559628657,0.0191613092613101,22.151272816783827
2025-03-20 01:50:27.900680,58805.18318149742,-0.030117384629793808,0.036352504847333135,0.03505182780634029,0.007742284779948425,21.978686909939135
2025-03-21 01:50:27.900680,58528.85263122164,-0.00471016034250819,0.03614462663079789,0.08193032358382649,-0.008120744105565268,22.109825926946097
2025-03-22 01:50:27.900680,57068.44245951985,-0.025268547601542818,0.03635409323337172,0.059861860710464274,0.012069804739750306,21.198377815516306
2025-03-23 01:50:27.900680,54804.225601185535,-0.04048399192892994,0.037013572317836585,0.046039022308511784,-0.006889502803571714,21.764705963215462
2025-03-24 01:50:27.900680,56404.707815012815,0.028785326425949196,0.03734678253249469,0.05348147567035194,-0.0184496925335512,21.60076482461132
2025-03-25 01:50:27.900680,59789.80288699127,0.05828249921410375,0.03635477685079356,0.03791578043468326,0.01651219499108826,21.041796733108058
2025-03-26 01:50:27.900680,57390.46065973306,-0.0409570272145742,0.03619388996839681,0.06666135389100986,-0.0068567451793216895,21.803212312132885
2025-03-27 01:50:27.900680,58426.36106088271,0.017889077100716858,0.03562361687550106,0.05862725685112715,0.0022550651045203864,22.26719592712808
2025-03-28 01:50:27.900680,57354.30458695307,-0.018519277073654805,0.034804869357353045,0.043198148113530226,-0.0145119910904781,20.871889680945696
2025-03-29 01:50:27.900680,56578.78759174443,-0.013613761512940893,0.034893564965154625,0.05265753786023708,0.013082961902296924,21.4960758014681
2025-03-30 01:50:27.900680,55637.77181001062,-0.016771817727166047,0.03492963229199818,0.06693415952112129,-0.007646124409239875,21.327671278388472
2025-03-31 01:50:27.900680,54268.42665619646,-0.024919723090394367,0.035204312138619125,0.06951040306274021,-0.013344137311832597,21.392420800109175
2025-04-01 01:50:27.900680,54401.8546141286,0.002455648838344643,0.03049149869757107,0.06411190455138531,-0.01747380469748835,22.256629767730537
2025-04-02 01:50:27.900680,53115.55068472452,-0.023928503492330923,0.029870337317793098,0.06519184273052095,-0.007276584342249773,21.778370659669722
2025-04-03 01:50:27.900680,53601.842727666764,0.009113704773395142,0.029978800068532454,0.024164979114154946,0.00011302221223970075,21.77590317348019
2025-04-04 01:50:27.900680,53574.66580502496,-0.0005071432834741567,0.029664735345501663,0.00331719273815686,-0.004691773107553482,22.120080309836045
2025-04-05 01:50:27.900680,53245.21077482316,-0.006168441405992169,0.028510576060319055,0.05398264589778384,-0.014541620330259561,21.204437382850458
2025-04-06 01:50:27.900680,51866.90676354213,-0.026226909861248038,0.028781012353563316,0.049505779936393005,-0.0028164351546453546,21.804752793080215
2025-04-07 01:50:27.900680,51028.16893304114,-0.01630313991705007,0.02867943103359249,0.05982042457448827,0.01914413087573055,21.723875973445953
2025-04-08 01:50:27.900680,52249.982140713,0.023661736774772797,0.02813265572283224,0.051138955158626466,-0.016945836377040738,21.943400166378325
2025-04-09 01:50:27.900680,53094.16656441075,0.01602751562873141,0.02810145334728465,0.0671717789760849,-0.007524029844022323,22.33234984956571
2025-04-10 01:50:27.900680,51611.28795210851,-0.028326657343956476,0.027986115201843752,0.07427582188064351,-0.007011033778686745,22.12882237967355
2025-04-11 01:50:27.900680,51817.108594834,0.003979969162876783,0.026268987614912795,0.06698448847264835,0.011503826856807316,21.675488345913504
2025-04-12 01:50:27.900680,53051.43900761739,0.02354161370115375,0.0261305581039235,0.02738327622337447,-0.006315282543841031,22.184252976531234
2025-04-13 01:50:27.900680,50510.42909818962,-0.04908215843364136,0.027529859837538403,0.054520778210009405,0.004263524241006756,21.243744789593517
2025-04-14 01:50:27.900680,51391.9033421505,0.017300805771398222,0.02627049052468187,0.07445591720746136,-0.00601294485958364,20.838249175983435
2025-04-15 01:50:27.900680,50430.791185828304,-0.018878712768375577,0.026367193492170957,0.059474981141133774,0.015987868341116856,21.32088923486197
2025-04-16 01:50:27.900680,51352.82168000612,0.01811796005779484,0.026409174211443207,0.010452463623216572,-0.006274198075864595,21.582624765966568
2025-04-17 01:50:27.900680,50240.53194193095,-0.02189777469627546,0.024846367975649354,0.03201810120558441,-0.019585302279555437,21.835887215427853
2025-04-18 01:50:27.900680,47640.138280683874,-0.05314646301993559,0.02591057574939672,0.02377499342197248,0.018404108634235743,21.964683710584918
2025-04-19 01:50:27.900680,45415.31459122261,-0.047826273136494915,0.026623224838692235,0.0555157674920292,-0.01872947842531312,22.25850223712909
2025-04-20 01:50:27.900680,45526.3792804271,0.0024425483998416525,0.026691319828896255,0.057672650957993246,0.0037375992003476238,21.83493124154462
2025-04-21 01:50:27.900680,45928.39702859707,0.008791675051644387,0.026672310809047056,0.0394881357487885,-0.014613418992975552,21.823577540624804
2025-04-22 01:50:27.900680,44743.85418592516,-0.02612949875313201,0.02617955481526986,0.06578930371316676,-0.011169257910268243,20.906397099416836
2025-04-23 01:50:27.900680,45654.94258234371,0.02015777376332099,0.025820541932061365,0.05161323885045981,-0.0026734837640397424,20.853983710507265
2025-04-24 01:50:27.900680,43478.48728338172,-0.048845601868068626,0.023802871112038437,0.04390257346040414,-0.009447855027634674,21.887865549293636
2025-04-25 01:50:27.900680,43435.79525373934,-0.0009823939594195614,0.02315608435932369,0.016635192334939715,-0.014914803050125094,21.73585333596692
2025-04-26 01:50:27.900680,41927.98025632116,-0.03533048599287371,0.023040662921342183,0.07862914083829355,0.003849146250819569,22.19498568048408
2025-04-27 01:50:27.900680,41157.17637288643,-0.018555083234064833,0.023041063545835447,0.05687224173867964,0.006966875071667623,21.219618230902373
2025-04-28 01:50:27.900680,41256.97822278121,0.0024219601394925077,0.023165484698759724,0.034813227451818904,-0.006659094614096827,20.818472965503137
2025-04-29 01:50:27.900680,40245.88918309934,-0.02481240095851845,0.023286423885273338,0.04530599455507612,-0.012164051521709456,21.751511122126384
2025-04-30 01:50:27.900680,39824.057928020295,-0.010536666326894864,0.023133149854412786,0.062489796612750295,-0.010382478599117364,21.391051222918275
2025-05-01 01:50:27.900680,41085.6940596241,0.031188784276433224,0.024248094057732483,0.08227220120442232,-0.011772307796728247,20.90430114550712
2025-05-02 01:50:27.900680,40421.15265094726,-0.016306756085694527,0.02412980721105742,0.05762040121484806,0.0025833237736531743,22.083830291948036
2025-05-03 01:50:27.900680,41488.81993467087,0.02607076336195421,0.024761601827188534,0.07541734323177543,-0.012553767966928364,21.092324189580882
2025-05-04 01:50:27.900680,40146.400543022406,-0.032891205639728305,0.02510292963156953,0.015179119576460709,0.015425983742674398,21.956781327179485
2025-05-05 01:50:27.900680,40830.40038681723,0.01689412533745838,0.02556116703823743,0.0601902537276047,-0.001776402696290926,21.476660627871166
2025-05-06 01:50:27.900680,42677.59051149045,0.04424705861973688,0.027101038925477904,0.08120775140019251,0.02016837537450186,21.250349107524812
2025-05-07 01:50:27.900680,39667.19941927567,-0.07314933500381857,0.02967514490472929,0.039544831558968346,0.0070661468957299335,21.647130253002832
2025-05-08 01:50:27.900680,38768.87668438091,-0.022906857664114152,0.02915385732166639,0.06602520546338952,0.005370223863227804,22.159726345111192
2025-05-09 01:50:27.900680,39485.35885288088,0.018312163815416116,0.029226940328684513,0.04561202140996926,0.004170412443585831,21.66653897096009
2025-05-10 01:50:27.900680,39284.83551536529,-0.005091361581289912,0.029028200267553702,0.04699144884982269,-0.007758030644415439,22.110329551499092
2025-05-11 01:50:27.900680,39764.43643267499,0.012134376201139274,0.029192582433022248,0.014253703526935817,0.004477635798594923,21.13002689707695
2025-05-12 01:50:27.900680,39089.480906074976,-0.017119555601474736,0.028575427799228222,0.05032382977755791,0.002056475507436861,22.132076219125917
2025-05-13 01:50:27.900680,39230.36616133469,0.0035976936241870834,0.027707878041601314,0.04131859204549553,0.010609617015219603,21.389932123464554
2025-05-14 01:50:27.900680,39086.6421966782,-0.0036703170617625367,0.027297990778040047,0.03174091631911611,0.005095763490534578,22.03418248335706
2025-05-15 01:50:27.900680,40520.75202951807,0.03603346184979446,0.02843849101453432,0.016044965358112975,0.011029538515492,21.905951536115303
2025-05-16 01:50:27.900680,40872.06670085756,0.008632625299036627,0.028197943447348474,0.015890430451201466,0.017368684055407497,22.274349558027534
2025-05-17 01:50:27.900680,41329.434415666,0.011128079862255544,0.028265462813227712,0.03698934519043435,-0.004120891717190243,21.659080754571676
2025-05-18 01:50:27.900680,40862.73956938588,-0.011356308983673694,0.026883735107560827,0.021978717848633082,-0.0066835416523765515,20.95806974635197
2025-05-19 01:50:27.900680,40309.63201167094,-0.01362818672217497,0.025709635274029446,0.06621429474777796,-0.0047568778014079926,20.79709414583123
2025-05-20 01:50:27.900680,39829.73335101021,-0.011976745634588507,0.02572029851985082,0.02450834519209569,0.0014623736619311686,22.183608260989487
2025-05-21 01:50:27.900680,40344.184856266205,0.012833564271348645,0.0258025406521176,0.055233925427524574,0.004831802849224579,21.85432677787311
2025-05-22 01:50:27.900680,39877.71842068365,-0.011629534424607934,0.02551413664763641,0.06989256232433587,-0.014325153569785818,22.134490881910537
2025-05-23 01:50:27.900680,40266.14244700501,0.00969324570689247,0.02524487907964719,0.035626619085425575,-0.0007626892665401795,21.384768778791713
2025-05-24 01:50:27.900680,42895.76066301109,0.06326202395936313,0.02666379982058316,0.04621847634014235,0.0008334189034795553,21.590507063907463
2025-05-25 01:50:27.900680,44075.617707785976,0.027133741102950637,0.027134406552253732,0.0497863325321627,0.019341305435379895,20.836965426536054
2025-05-26 01:50:27.900680,43690.29683880198,-0.008780705965035225,0.026347468298296612,0.04833174108180744,0.006390668193297794,22.301413124053745
2025-05-27 01:50:27.900680,45338.767209939455,0.03703641766491852,0.026847773185494885,0.04330824042459989,0.004815250774141123,22.023858407140736
2025-05-28 01:50:27.900680,44831.91138805288,-0.011242261190646616,0.026977468752419246,0.06651148518685425,0.004063534247921423,22.277787130682214
2025-05-29 01:50:27.900680,42215.03585922639,-0.06014373605533567,0.028924080081406744,0.011911975621009928,-0.0031966434698711323,21.4469352539021
2025-05-30 01:50:27.900680,40998.43389272525,-0.029242589327521933,0.029392401196774002,0.029135520465423538,-0.0013422976842489072,21.96043773559439
2025-05-31 01:50:27.900680,38799.60672427525,-0.05512375763077601,0.030534477746508186,0.042949623001982094,-0.00429765416089684,22.03537526599716
2025-06-01 01:50:27.900680,38431.01078022874,-0.0095454045212391,0.03044937118740342,0.08157714708842993,-0.010484246406367815,21.543133242591935
2025-06-02 01:50:27.900680,38490.72324022124,0.001552551375686524,0.03000455350625359,0.012423230723271056,-0.012364631416727138,22.203150021875242
2025-06-03 01:50:27.900680,40516.54368800284,0.05129311936825855,0.03098486975354186,0.04241814515039498,-0.008649457200568663,22.289513505395153
2025-06-04 01:50:27.900680,40956.814144919335,0.010807821212924925,0.030892298479325134,0.08055412388335884,-0.01789488605285782,22.236065191465013
2025-06-05 01:50:27.900680,40729.19601877684,-0.005573015864265847,0.029755600986406627,0.09152513399391561,0.019649353422972412,22.098566969535618
2025-06-06 01:50:27.900680,41797.11632088985,0.025882167435504366,0.026895160108502503,0.034122418066278803,0.012318786413321918,21.469886824799186
2025-06-07 01:50:27.900680,39153.63594732489,-0.06533405927023657,0.029248571785337157,0.05261114629162826,0.02009327192320011,21.477726422961588
2025-06-08 01:50:27.900680,39470.82246116949,0.008068436743256873,0.02909076181123262,0.056383686737832756,-0.005864394569670063,22.302953833131383
2025-06-09 01:50:27.900680,40434.67394780008,0.02412595581660891,0.029402264868243103,0.031436069922557555,-0.01567170919740622,20.763580167980418
2025-06-10 01:50:27.900680,38718.98683167374,-0.043357587373395276,0.030403618465177275,0.03386358344556811,0.010367081736882222,22.075020484352134
2025-06-11 01:50:27.900680,40110.683361612784,0.03531262129620792,0.03094066304945331,0.04294419399137035,-0.016794508382169875,22.06482029146419
2025-06-12 01:50:27.900680,40560.61853525714,0.011154892224832291,0.030994440982045516,0.06023779046966053,0.017904227292097674,21.973384788765205
2025-06-13 01:50:27.900680,40098.50178452757,-0.011458637417023783,0.03106840462799744,0.042603606046124606,-0.01708062354312302,22.324759353134795
2025-06-14 01:50:27.900680,40907.86846757827,0.019983455983188538,0.03057597427328463,0.06414282416194567,0.005970528147304921,21.53309221929775
2025-06-15 01:50:27.900680,43835.465894421126,0.06912078573413179,0.033038469690579504,0.045597181251305935,0.016201469595197686,21.581879766784528
2025-06-16 01:50:27.900680,44119.38261623808,0.0064559876517549545,0.033006579211216205,0.07600518151951806,0.0005654491846368354,20.99767846807253
2025-06-17 01:50:27.900680,44493.62046645655,0.008446617589010259,0.03292450132244737,0.05063253767252547,0.009824519424577282,21.74254358694329
2025-06-18 01:50:27.900680,43928.57377494189,-0.012780826986207547,0.03291024894022874,0.03559867314992206,0.008679774106126203,21.438269468545922
2025-06-19 01:50:27.900680,42865.60090249516,-0.02449533108394371,0.03318316826554938,0.022715305832097032,0.007768282442224613,21.587651217568876
2025-06-20 01:50:27.900680,43990.76541754069,0.025910074496327342,0.03340940001601933,0.06276701744754615,-0.011975875891531967,22.19074544403028
2025-06-21 01:50:27.900680,42918.25329786442,-0.024682514777265928,0.03368876505428705,0.04869380869832368,-0.0015640011357622872,22.279711761473934
2025-06-22 01:50:27.900680,43053.52923222791,0.003146987116581883,0.03366141637378501,0.052460817764829276,0.007605092933107053,21.278834755352058
2025-06-23 01:50:27.900680,42483.44556592186,-0.013329723402953558,0.03172155861108438,0.0747984803982442,-0.004393959246541336,21.635562895598753
2025-06-24 01:50:27.900680,43141.43390099871,0.015369394772391827,0.03144192847758121,0.06558324929000485,-0.008571913969571516,22.27391342222711
2025-06-25 01:50:27.900680,43619.039546628606,0.011009863158608486,0.031474443147825056,0.037089690990492356,0.00917851896753986,20.944194011129355
2025-06-26 01:50:27.900680,45043.10590246767,0.03212619832773688,0.03128712137517284,0.07370171724561358,0.0034700354462686663,21.037669277388176
2025-06-27 01:50:27.900680,44403.55120109397,-0.014300491965642455,0.0313292333065429,0.0640954651548611,0.015356821375490626,21.224746305145626
2025-06-28 01:50:27.900680,44089.56795617199,-0.007096248058801187,0.0292653405138874,0.0706294120561538,0.012918792636021708,21.941393389728375
2025-06-29 01:50:27.900680,42856.62699367264,-0.02836291147346913,0.029233953149795076,0.018300971709197415,-0.0071926057856269866,21.19444944787984
2025-06-30 01:50:27.900680,42331.50004850207,-0.012328797802283324,0.027360906527554567,0.04198303916684441,0.012906932238579106,22.306833076143707
2025-07-01 01:50:27.900680,42856.20772887284,0.01231901479134539,0.027309007417975803,0.01537717028084884,-0.0010055232519873075,21.748180672788187
2025-07-02 01:50:27.900680,43884.45530971527,0.023709658499360457,0.027549366519534317,0.05670217144261586,-0.008292509742419404,21.823900027659153
2025-07-03 01:50:27.900680,42729.74169029491,-0.026664959725328802,0.026632292294149634,0.04313964845071314,0.0159761467549866,21.409707819939772
2025-07-04 01:50:27.900680,43903.031926462536,0.027088177603169696,0.026986261912842997,0.05402391382008616,-0.0026852587560701534,21.78238892681169
2025-07-05 01:50:27.900680,45771.08307651735,0.04166913576414871,0.027873839536589614,0.05588503378989668,0.009833239712053573,22.01735020389231
2025-07-06 01:50:27.900680,46388.68468482655,0.013403047096711035,0.027626345981305735,0.03472820030335474,-0.01818042668487457,22.11073664298757
2025-07-07 01:50:27.900680,49124.57601027117,0.05730387437674194,0.026126310254507085,0.0865718572349586,0.0006586076096943286,22.113420819229034
2025-07-08 01:50:27.900680,48045.3695450959,-0.02221367597310707,0.026685084607423377,0.041612307021820547,-0.012091703147912107,21.920686558715566
2025-07-09 01:50:27.900680,46330.76087535937,-0.0363396410993426,0.027580474543468115,0.07911341161283017,-0.002005033450365774,22.25310608120688
2025-07-10 01:50:27.900680,43967.22696926983,-0.05236160746712827,0.02816249486312296,0.026103677552820784,0.018603259287353683,22.174793334986315
2025-07-11 01:50:27.900680,46031.49536839998,0.04588132934467547,0.028626902557739288,0.04833794258990838,-0.005297838444697502,22.116583591146505
2025-07-12 01:50:27.900680,46991.03382421838,0.0206309696906216,0.02875384190690692,0.052753824684149846,-0.017735892050324917,20.924100045357463
2025-07-13 01:50:27.900680,46959.675891020575,-0.0006675401273135518,0.028609207384018592,0.05597674257770769,-0.0040480197397036255,20.750406036996726
2025-07-14 01:50:27.900680,47403.13342249816,0.009399058789594602,0.028486439036441803,0.02121781482263868,-0.01260659893960023,21.33833747482626
2025-07-15 01:50:27.900680,45875.15389630954,-0.032764671418951306,0.026576902745047908,0.04029870659422746,-0.015135649952388855,22.019114122881163
2025-07-16 01:50:27.900680,49417.08528867722,0.07437255938850473,0.02971910938104478,0.027205762860051105,0.010996415029343605,21.695857487583634
2025-07-17 01:50:27.900680,49658.6629634587,0.004876635459256937,0.029706923704848693,0.07835026526635905,0.011652421398440692,21.682472384434462
2025-07-18 01:50:27.900680,49871.74947950836,0.004281843838146659,0.029544174299123475,0.06314969033965445,-0.004419619802996201,22.235828807836896
2025-07-19 01:50:27.900680,51020.5094753178,0.022772998716960726,0.029218052345399134,0.034914060781398894,0.003571571936547514,22.2454562849304
2025-07-20 01:50:27.900680,51813.87525238795,0.015430276952101557,0.02903144524812053,0.04551696940728449,-0.013412121668885136,22.257268971270477
2025-07-21 01:50:27.900680,52215.24469097033,0.007716520728373704,0.028468805279692408,0.05890065957382541,-0.01574892752871234,21.536642971264303
2025-07-22 01:50:27.900680,51042.58388580538,-0.0227142336633593,0.02896222628333874,0.029761966614703678,0.005897724038081375,22.048807369332803
2025-07-23 01:50:27.900680,51821.4581346362,0.015144050714080006,0.028783992581670314,0.043726821064485735,0.010637135380491899,21.458769542558944
2025-07-24 01:50:27.900680,54886.3699986243,0.05746073489425098,0.030215290120950866,0.07299934861496311,-0.011096506481825625,21.289964671234344
2025-07-25 01:50:27.900680,57204.218717585645,0.04136260138464928,0.030820762436634456,0.03157923760738022,0.009089635823131938,21.276305667958958
2025-07-26 01:50:27.900680,60064.75608228824,0.0487955987991819,0.031396248815980854,0.003160772497745822,-0.012740166337320584,21.585493329867543
2025-07-27 01:50:27.900680,59209.78278452153,-0.014336470292935551,0.03139719366478408,0.02886672059016493,0.003059803692974225,21.723835391826572
2025-07-28 01:50:27.900680,57535.297749751146,-0.0286881446077573,0.03203396440861792,0.01826211069168074,-0.006657378249449173,22.18739971554858
2025-07-29 01:50:27.900680,57375.93851262922,-0.002773607602989443,0.031341500266415266,0.02378718002465258,0.0164446384680973,21.11501354010557
2025-07-30 01:50:27.900680,57529.43748930901,0.002671747368660935,0.031096214772392005,0.0569934255189657,-0.004929948184947738,22.094371275843667
2025-07-31 01:50:27.900680,59508.69990110903,0.0338257455541283,0.03139263751871929,0.06921259077387672,0.0019330222164528601,21.862962376224953
2025-08-01 01:50:27.900680,56619.224317717664,-0.04977393889144451,0.033178155135305885,0.04105544225029907,-0.003452378319795841,21.48956188101066
2025-08-02 01:50:27.900680,59337.12056776196,0.046886509583818424,0.03320810520844109,0.07056474142016296,0.013458148250575726,21.812258114374025
2025-08-03 01:50:27.900680,59115.6002040403,-0.0037402369573696134,0.03316828709841415,0.050781802355920475,-0.009386017750777765,21.511617864539783
2025-08-04 01:50:27.900680,58421.759833506425,-0.011806432098422621,0.032838327170149256,0.08277173054834806,-0.014304300761230267,21.94242114809805
2025-08-05 01:50:27.900680,56731.25475262005,-0.029363131257805004,0.03352285307796732,0.04824980568213427,0.011460257388322034,21.729534628074433
2025-08-06 01:50:27.900680,54037.57235179535,-0.048645700155972804,0.03358971064004484,0.005336201292679305,0.016437231110616436,21.228649952915514
2025-08-07 01:50:27.900680,55444.06675898864,0.025695117518857506,0.03347960239657625,0.07747819847169907,0.01942458140060468,21.10603008540898
2025-08-08 01:50:27.900680,55621.74630851976,0.0031995390156517186,0.03257121737267796,0.0297568699548002,-0.005646792672593903,21.88227769600322
2025-08-09 01:50:27.900680,53563.90453939927,-0.03769882699223161,0.03176382654363487,0.05829292303947407,-0.004265489105781899,22.251418232136952
2025-08-10 01:50:27.900680,51574.27776599156,-0.03785236316190832,0.031870092726739095,0.026836769665403257,-0.0018644139762060549,21.588613001579027
2025-08-11 01:50:27.900680,51108.43306975058,-0.009073540978703939,0.031790161389411,0.08804595099788572,0.010838325945073692,22.09241414856258
2025-08-12 01:50:27.900680,53786.373804099065,0.051070645758681844,0.03297681790904068,0.05449727889892646,0.004382886027227315,22.013777397303027
2025-08-13 01:50:27.900680,53422.52211649589,-0.006787740540908226,0.033026693664194286,0.048218689059852826,-0.0037648259291907927,22.276391493310232
2025-08-14 01:50:27.900680,51118.07387904578,-0.044094288593542946,0.03352246227853403,0.06441312054858107,0.00012934237291901352,22.17813526533109
2025-08-15 01:50:27.900680,50793.37024169639,-0.006372291922578611,0.030773606248825955,0.03543802415020232,-0.019138011022103708,21.906960738256842
2025-08-16 01:50:27.900680,50429.89388698824,-0.007181707092430121,0.03079882526816099,0.046410367878340054,0.014757012421226068,22.011980994305535
2025-08-17 01:50:27.900680,46557.00764820555,-0.07990659928824718,0.03410199317294053,0.04984818485223863,-0.007745323851148357,22.247918082895595
2025-08-18 01:50:27.900680,46527.739663873785,-0.0006288459955343063,0.03377494606675088,0.05787759576900949,0.003841953389154766,21.678036676773406
2025-08-19 01:50:27.900680,46252.737469285625,-0.005928035906260433,0.03359610618495412,0.060284406827937335,0.0028802876334235667,21.55929132697495
2025-08-20 01:50:27.900680,47276.19262770089,0.021886190944402632,0.03386192685155147,0.0712285652498833,-0.008628806267760847,20.765601247793384
2025-08-21 01:50:27.900680,50022.63107493931,0.05646868284836044,0.03535075406771496,0.07227494441996253,-0.007638647972290523,22.183322679669253
2025-08-22 01:50:27.900680,51793.90485297481,0.03479695088643267,0.03583277995524733,0.0660221774596728,-0.0192715491862605,22.15928392695081
2025-08-23 01:50:27.900680,51429.18509335829,-0.0070666607166448335,0.034161268852856974,0.03263083271941136,0.015088507443012465,21.07238495880049
2025-08-24 01:50:27.900680,49799.75366001147,-0.032195777262250064,0.033563668299803756,0.04276265262607035,0.016090415636143236,21.919437146252697
2025-08-25 01:50:27.900680,53850.453845800606,0.07820079409749571,0.03554809522241397,0.0675711655462807,-0.008893744202975834,21.772662248625885
2025-08-26 01:50:27.900680,54000.18025154019,0.002776553020434754,0.03550782096164438,0.08721094077426315,-0.003125676195435426,21.111812893830415
2025-08-27 01:50:27.900680,54076.80026612324,0.001417878757388202,0.03518277067445852,0.04629907456687028,0.009115922693802181,22.31703623419711
2025-08-28 01:50:27.900680,54091.74090443899,0.0002762473867001594,0.03518506310065567,0.03424890746689198,0.017111088943852153,21.3431881057995
2025-08-29 01:50:27.900680,54468.58173523497,0.006942542823035618,0.035213098245475215,0.037692229556738455,0.016852985842279445,20.961445159472593
2025-08-30 01:50:27.900680,54287.458920591205,-0.00333081235771829,0.034563469489111515,0.0582770117125624,-0.01552287594472659,21.940960914450148
2025-08-31 01:50:27.900680,53414.560693094805,-0.01620986020640715,0.03352693715743432,0.02302400565986937,0.012479115946520122,22.098364436142585
2025-09-01 01:50:27.900680,52597.97456934046,-0.015405768237211714,0.032305275428152064,0.04900733373295604,0.007115408857435062,20.845283259531495
2025-09-02 01:50:27.900680,52598.88988165735,1.740189352011781e-05,0.032313675351379974,0.05190425466869577,0.011054612209857559,22.01383933681862
2025-09-03 01:50:27.900680,51800.10993059697,-0.015302743134012971,0.03234948429553549,0.04235428051041827,0.005833985746118829,21.864032833215916
2025-09-04 01:50:27.900680,50754.83569408747,-0.020385373480314745,0.03214775559674492,0.06843640994152508,0.01752487807649708,21.069023428422895
2025-09-05 01:50:27.900680,50968.09276244263,0.00419290683075671,0.031028967074072773,0.024561056975053692,-0.0007618108381194539,21.248050878358764
2025-09-06 01:50:27.900680,50630.31402451041,-0.006649316522625728,0.03059417890148199,0.055907998803490705,0.017599896420076172,21.908635834124897
2025-09-07 01:50:27.900680,53020.05710786744,0.046119789657480655,0.03187225720184487,0.022249935621632244,-0.011871631442406591,21.50507865069209
2025-09-08 01:50:27.900680,49015.72591729501,-0.07852909425179025,0.034250111438024686,0.03561589601543823,0.010766193008461487,22.282097148765924
2025-09-09 01:50:27.900680,50697.99630813948,0.0337452055576739,0.03422926824998783,0.05705853153644637,-0.0015979191519942192,22.17604079752404
2025-09-10 01:50:27.900680,52681.74205981502,0.03838255577492874,0.03491254066076951,0.03790501351598047,-0.014975488699234596,22.319470338177098
2025-09-11 01:50:27.900680,49554.210803794325,-0.06120170697224443,0.03537575814203172,0.04045418801589198,-0.005998890886918792,21.435570023101167
2025-09-12 01:50:27.900680,49096.44408319068,-0.009280627822410355,0.03538853953459047,0.03785515045666407,-0.0013165758050788302,22.308184500861064
2025-09-13 01:50:27.900680,48600.964882903936,-0.01014322597987398,0.03455600373849181,0.05378150390036164,0.007076373071344934,21.725710587778096
2025-09-14 01:50:27.900680,46638.11071638311,-0.0412253508415344,0.035297020616968794,0.03609194588997591,0.0067248449271847125,21.594590659405537
2025-09-15 01:50:27.900680,45608.01792707264,-0.02233450062772668,0.03546921565680176,0.07863820761344052,-0.006733826378736981,20.906751806280056
2025-09-16 01:50:27.900680,44157.6531996942,-0.03231727536397468,0.03289827220585868,0.060354568912007106,-0.019382468818414166,20.9147626986276
2025-09-17 01:50:27.900680,46587.59811017118,0.05356811330270856,0.034415817046971366,0.032446226621272854,-0.006431930059972146,22.049822142842483
2025-09-18 01:50:27.900680,47961.79337167316,0.029070351794423976,0.03479750278807476,0.01367979778464741,-0.0023060067368118413,21.764148717754196
2025-09-19 01:50:27.900680,49876.57109576127,0.03914665284982466,0.03529036798817118,0.03765511107898843,-0.009141679091692076,21.368318026848637
2025-09-20 01:50:27.900680,51019.17473717551,0.02265016192129735,0.033999901885706424,0.08553271567204467,0.0013937152473988933,21.96334331990787
2025-09-21 01:50:27.900680,49369.35976879724,-0.03287155313651711,0.033901414969256916,0.05124937986177087,0.017909409940033653,21.4221129788182
2025-09-22 01:50:27.900680,48647.20599130607,-0.01473560798839312,0.03397291059038198,0.0586279499524436,-0.002485678640532389,21.920373233714898
2025-09-23 01:50:27.900680,49416.066939967575,0.01568123683683742,0.03362112829812099,0.05219305850095596,-0.01797596120577328,21.613965898558703
2025-09-24 01:50:27.900680,47684.75660285653,-0.035663834266758426,0.030764225215225215,0.03562033627684977,0.013158787083621401,22.180533186231987
2025-09-25 01:50:27.900680,48764.45818623507,0.022389952905171793,0.031120713244275885,0.09435292077972653,-0.007542868357675702,22.177869252752824
2025-09-26 01:50:27.900680,48462.58077303127,-0.006209761944743889,0.031111155406347703,0.0241758893775756,0.012107490150392843,21.791213259007343
2025-09-27 01:50:27.900680,47968.63431196813,-0.01024462422648809,0.031124621749899568,0.06404329666840758,-0.0014310565212630462,21.60009882592742
2025-09-28 01:50:27.900680,49051.7637969176,0.02232879904610465,0.031436434550178714,0.03459414388252826,0.01639748163451866,21.61945148418122
2025-09-29 01:50:27.900680,49759.6315505059,0.01432789934458142,0.031604423173660225,0.002706279782354401,0.00198911125885076,22.16377801149848
2025-09-30 01:50:27.900680,49272.940636713545,-0.009828984974572397,0.031533171681349184,0.051149947124260214,-0.01014260660098658,21.561689263857676
2025-10-01 01:50:27.900680,51067.84041479856,0.03577989410092725,0.03219917784321016,0.022761955049486297,0.006134542187043283,21.33098447580488
2025-10-02 01:50:27.900680,49487.64552998504,-0.031431899827996934,0.032673896658180816,0.06487299440241763,-0.006553240730296103,21.015004695877114
2025-10-03 01:50:27.900680,50461.01820051142,0.019478068208327978,0.03280359358662771,0.04523696943547623,-0.011679964627935153,21.77645266406729
2025-10-04 01:50:27.900680,51418.30097140136,0.018793037739051412,0.032779858833385286,0.0033366058935002524,-0.01680004845650615,21.797765880110703
2025-10-05 01:50:27.900680,50993.98914815415,-0.008286393179419684,0.0328096667582114,0.0510555097125404,0.010728189123027726,22.196571226487702
2025-10-06 01:50:27.900680,51546.883697842495,0.010783990667263533,0.03284189542554393,0.07751612271116178,0.00404364860991078,21.357169671767878
2025-10-07 01:50:27.900680,49697.68483962728,-0.036533407291559065,0.032354666804057367,0.04547922802700235,0.014099388331011117,21.649096952557333
2025-10-08 01:50:27.900680,51145.73771983557,0.028720810576206957,0.0294168891097203,0.08182740022490403,-0.019318773006822852,22.16632395434157
2025-10-09 01:50:27.900680,50913.702711145255,-0.004547064093289595,0.028789904593615,0.045195364945785355,-0.016793210039318076,22.180599677420943
2025-10-10 01:50:27.900680,50171.66400018516,-0.014681690615571223,0.027978064219484355,0.04655278495706722,-0.0015957347719352951,21.65481725195546
2025-10-11 01:50:27.900680,51827.48888462056,0.03247027677510657,0.026275359374603752,0.06292359269802326,-0.01349667922866785,21.765835357732495
2025-10-12 01:50:27.900680,50794.61633140078,-0.020130310716282736,0.02650247831177929,0.05856097176173529,-0.0008376169006429832,21.51767976911365
2025-10-13 01:50:27.900680,48741.77827001258,-0.04125383889090691,0.027547023358695008,0.06192816516939112,-0.004919110255100825,22.27723744739606
2025-10-14 01:50:27.900680,46564.4631631174,-0.0456988752057171,0.027789460779528315,0.0275966678202709,0.016709646129056056,21.111635693005432
2025-10-15 01:50:27.900680,47466.20364934645,0.019180298540369137,0.02767505310370731,0.064862966859892,-0.01010760986703337,22.278247076362767
2025-10-16 01:50:27.900680,45723.16558784082,-0.037412880574888445,0.02790338392999649,0.05997655852180484,0.015116568438728327,22.041138362170358
2025-10-17 01:50:27.900680,48242.91128257754,0.053643825459530906,0.027908290336389883,0.04165639157571007,-0.012874783208074296,21.86311239089852
2025-10-18 01:50:27.900680,45367.2744635156,-0.06145788223651166,0.029628057159881566,0.05803460468112098,-0.01115527942190396,20.84604635912838
2025-10-19 01:50:27.900680,47783.70631807993,0.05189369104870113,0.030319659342670894,0.07902001468437006,-0.008280646269612361,21.7887985699
2025-10-20 01:50:27.900680,48135.27293425245,0.0073305240160785184,0.030027730930784043,0.05717548071415769,0.01890432782805743,21.690626958350826
2025-10-21 01:50:27.900680,48043.83580262562,-0.0019013933561117951,0.02945453226672087,0.09126218747547145,0.007937371497232228,21.220930381753355
2025-10-22 01:50:27.900680,47312.109022407865,-0.015347572604268469,0.029464649576146414,0.0615857442023248,0.009566141147256024,22.011296224230197
2025-10-23 01:50:27.900680,47929.9394977771,0.012974083430562111,0.029416134850590064,0.022069838583332925,0.005626018708668223,22.309353979020795
2025-10-24 01:50:27.900680,47923.75496600557,-0.0001290410727455853,0.02867914968401338,0.04217377979337733,0.016770914458257163,21.90153775846522
2025-10-25 01:50:27.900680,49586.0907638146,0.03409905646049593,0.02906904863024417,0.06787134347131421,-0.0171780692514823,22.073677315913795
2025-10-26 01:50:27.900680,49806.08651377272,0.004426829459861076,0.02904852913654872,0.06763489532152167,-0.0021474680847022834,20.96527181783809
2025-10-27 01:50:27.900680,50081.22806512497,0.0055090528438559855,0.02898221799689617,0.074558968982533,0.00784001526863191,21.705594459442203
2025-10-28 01:50:27.900680,49587.45519035074,-0.00990836636641565,0.02877779609900255,0.07087993452275812,0.0041377900712608095,21.10541724146502
2025-10-29 01:50:27.900680,49552.34142681846,-0.0007083687116319601,0.02865685792374967,0.056349655837011695,0.002116367933817068,21.961983007192654
2025-10-30 01:50:27.900680,50062.06654665939,0.010234053066761749,0.02865703418490039,0.05521669529779532,-0.004007647469403468,22.282237193962022
2025-10-31 01:50:27.900680,47605.9862444165,-0.05030505177969895,0.0293081744180313,0.04857944109326929,-0.0006267840032813984,22.017201165334374
2025-11-01 01:50:27.900680,45764.69544717936,-0.0394455626631713,0.02961735800763266,0.020493033464787154,-0.016498898701288678,20.991162610559005
2025-11-02 01:50:27.900680,46843.43519335218,0.02329792282068134,0.029723598776882517,0.06416826552331854,0.00012147543825670486,21.60648149797356
2025-11-03 01:50:27.900680,47131.27710518578,0.006125963143838336,0.029500121340589863,0.033650289606988806,-0.01930625153575186,21.88724552774887
2025-11-04 01:50:27.900680,46918.74791863651,-0.0045195000905806255,0.029484425213690244,0.05366552843435423,-0.013862138255772174,21.68370015454851
2025-11-05 01:50:27.900680,46991.670188456446,0.0015530179919620063,0.029386032834005094,0.0036978524864481666,0.011797128988139161,22.189889643757493
2025-11-06 01:50:27.900680,47531.7451675231,0.011427451160850078,0.028802345386308797,0.04036652762217325,-0.016932172094657173,22.172226033972933
2025-11-07 01:50:27.900680,46815.06330941088,-0.01519279040928084,0.028326227282715014,0.04159059994795406,0.015584493499717942,21.96086413845823
2025-11-08 01:50:27.900680,45780.391898400776,-0.022349141762069317,0.028546466890220806,0.025881018076976008,-0.012538771169543293,21.637086232663542
2025-11-09 01:50:27.900680,46096.232982236055,0.006875357652930438,0.028527714364815476,0.006950069035744528,0.004797978937879692,21.427029213776873
