,Open,High,Low,Close,Volume,Adj Close
2023-11-10 01:50:27.900680,30205.376142203295,31818.926181981547,29581.10492652248,30480.85575124248,3177015864.4547906,30480.85575124248
2023-11-11 01:50:27.900680,30450.903109978488,31703.852562045347,29338.620330052785,30385.055046428573,1801128071.4705036,30385.055046428573
2023-11-12 01:50:27.900680,31200.06194147675,32261.903662409415,30511.56621128469,31012.226605625558,3467134431.410165,31012.226605625558
2023-11-13 01:50:27.900680,32923.1439784201,33778.13573242265,31854.050173558255,32494.551497561602,3971525974.671756,32494.551497561602
2023-11-14 01:50:27.900680,31920.076950440674,32791.42057063243,31273.212089228986,32299.373307988222,3951669573.4161015,32299.373307988222
2023-11-15 01:50:27.900680,31477.39661356187,32235.280496971656,30849.890302080927,32105.38326716841,3085796096.6675205,32105.38326716841
2023-11-16 01:50:27.900680,33207.27619775138,34375.661773306354,33676.549105329395,33696.70653219921,1273834877.3343122,33696.70653219921
2023-11-17 01:50:27.900680,35068.28737652774,34815.4742061589,33573.72139638633,34516.005550041766,2484451753.7205114,34516.005550041766
2023-11-18 01:50:27.900680,34576.82931015545,35251.0882838454,33536.348564467924,34067.33181674305,4683066433.85343,34067.33181674305
2023-11-19 01:50:27.900680,34796.07758911367,35260.82856818577,33171.55454663187,34661.0200894616,3337795639.029704,34661.0200894616
2023-11-20 01:50:27.900680,34354.252065816036,35885.784946252395,33336.60736526375,34216.67794415938,3153327773.022854,34216.67794415938
2023-11-21 01:50:27.900680,33998.658382609756,34858.15297124458,32133.408405467246,33775.68928500556,2075414057.528774,33775.68928500556
2023-11-22 01:50:27.900680,33613.57378268728,35456.30473302351,33213.687413630396,34055.79332843422,2473795679.6663156,34055.79332843422
2023-11-23 01:50:27.900680,32721.826760983142,32401.54572553014,32130.347951730953,32188.258802334676,4581384356.612677,32188.258802334676
2023-11-24 01:50:27.900680,30496.12872669247,31914.22900028211,29653.51273016868,30595.539109994428,3665852190.1073427,30595.539109994428
2023-11-25 01:50:27.900680,29973.095823735835,31503.25095928188,28666.88476740847,30113.861832288334,4149548107.009331,30113.861832288334
2023-11-26 01:50:27.900680,29263.970400309787,29953.97226230921,27825.010933500118,29241.84285770542,2817381692.2706203,29241.84285770542
2023-11-27 01:50:27.900680,29012.89870302926,30444.043977836693,28644.155895038686,29548.355122888668,3520988877.8246317,29548.355122888668
2023-11-28 01:50:27.900680,28398.854114715574,29883.74836613046,27574.216637667032,28783.06967669014,1993534434.97283,28783.06967669014
2023-11-29 01:50:27.900680,27879.580722607643,27858.05595152449,26268.04689128881,27616.633239269086,3821843321.133945,27616.633239269086
2023-11-30 01:50:27.900680,28404.81974816176,29612.764073552207,28534.77416215803,28886.88563481534,2710405334.8133492,28886.88563481534
2023-12-01 01:50:27.900680,28839.097376015307,29293.085726503705,27943.016747434864,28720.593782662952,2770182059.2589827,28720.593782662952
2023-12-02 01:50:27.900680,28514.193952515074,29018.46387912093,27783.87082900247,28807.62949244393,3597289298.3075266,28807.62949244393
2023-12-03 01:50:27.900680,27507.530692751483,28137.627262780512,27491.84616519951,27629.880651616713,4745122485.875707,27629.880651616713
2023-12-04 01:50:27.900680,26979.52282320246,27302.251108430093,26007.03332963459,27209.504370920076,1256025386.4344838,27209.504370920076
2023-12-05 01:50:27.900680,27169.749272949,27362.78226633114,27267.28206469315,27327.51350454413,4298972949.388031,27327.51350454413
2023-12-06 01:50:27.900680,26657.9623836552,26605.01647955831,25519.948304486243,26426.418433790903,2169532441.6487722,26426.418433790903
2023-12-07 01:50:27.900680,26535.591578443968,28040.989353139612,26603.41808254627,26752.693198385892,2775677818.0255113,26752.693198385892
2023-12-08 01:50:27.900680,26371.098378467967,27023.902749456192,25779.082726530814,26301.237410084766,1087653315.100036,26301.237410084766
2023-12-09 01:50:27.900680,26073.167811606007,27358.47895850182,25872.038403669478,26098.16943806126,2204184311.337252,26098.16943806126
2023-12-10 01:50:27.900680,25824.90886673676,26211.7653739845,25636.42817358266,25656.93683666902,3010524970.520522,25656.93683666902
2023-12-11 01:50:27.900680,27624.542848711495,27573.43588281897,26184.14853387741,27150.14324879152,1224704309.389756,27150.14324879152
2023-12-12 01:50:27.900680,27419.029630562192,27853.80485487113,27113.51439052111,27166.304652700946,2964382917.5326605,27166.304652700946
2023-12-13 01:50:27.900680,26043.759669935127,26923.07375798424,25539.96686113949,26344.145758586834,4708442515.433709,26344.145758586834
2023-12-14 01:50:27.900680,26522.453860752717,27172.128276089228,26198.866063129506,27029.32601612415,1421572872.431221,27029.32601612415
2023-12-15 01:50:27.900680,25835.310343213587,26919.093132315273,25223.102686733222,26083.34833296551,4057762912.302017,26083.34833296551
2023-12-16 01:50:27.900680,26373.479143531156,26557.362306444178,25671.11503851592,26273.55772351175,2638684213.5039706,26273.55772351175
2023-12-17 01:50:27.900680,24353.291759323056,25566.48060063249,23749.459918368684,24798.24587819623,3620694858.097352,24798.24587819623
2023-12-18 01:50:27.900680,23849.946587362385,24628.889465440436,23321.138455609485,23853.413683711715,2040946391.9409175,23853.413683711715
2023-12-19 01:50:27.900680,24111.753193797264,24201.28363052629,23468.32857918647,24018.711575545705,1637969050.1654332,24018.711575545705
2023-12-20 01:50:27.900680,24418.348829130187,24656.731816136955,24288.69055308953,24581.329047589243,1641850457.0849056,24581.329047589243
2023-12-21 01:50:27.900680,25000.764779114565,25698.267644407977,24527.03395765216,24732.748641547638,1281967782.5725787,24732.748641547638
2023-12-22 01:50:27.900680,24283.51139708041,25238.951746881463,23981.48325086255,24671.74774350187,1742586819.6049721,24671.74774350187
2023-12-23 01:50:27.900680,24058.421697506947,24545.526832640007,23620.603736952224,24474.350775956904,3656877539.955873,24474.350775956904
2023-12-24 01:50:27.900680,23649.835238717398,24601.70318102341,22568.014173075902,23435.922676872626,4526762447.374032,23435.922676872626
2023-12-25 01:50:27.900680,22954.04818552882,23024.515484986787,22033.689740135145,22958.188634049995,4256502742.3646474,22958.188634049995
2023-12-26 01:50:27.900680,22836.573561056026,23453.437365458904,21597.805413677805,22665.76220440915,3740537239.4979362,22665.76220440915
2023-12-27 01:50:27.900680,23358.451550519476,24571.36763328338,22649.526896992425,23419.50400670737,1441727453.6444106,23419.50400670737
2023-12-28 01:50:27.900680,23445.580436967877,23969.10692685269,22821.607647209228,23685.847750186087,2156749785.1837993,23685.847750186087
2023-12-29 01:50:27.900680,22775.145735933675,22648.0514131982,22450.34500443928,22488.105472873835,2239227501.289876,22488.105472873835
2023-12-30 01:50:27.900680,23002.767290519438,22868.48921427346,22227.856317818558,22730.53200176974,1999827785.5904849,22730.53200176974
2023-12-31 01:50:27.900680,22667.093890516855,22832.992083636367,21757.879960811504,22491.929915427303,3060022638.8388925,22491.929915427303
2024-01-01 01:50:27.900680,21860.753063799137,22173.291632817112,21599.04626384865,22061.82886332348,3142215259.51869,22061.82886332348
2024-01-02 01:50:27.900680,22574.070670628636,23271.32413893336,21524.791095571167,22492.888736607987,2427543900.6844406,22492.888736607987
2024-01-03 01:50:27.900680,23093.533066087115,23295.004498930277,22577.13581143707,23222.67538856306,2415156634.945744,23222.67538856306
2024-01-04 01:50:27.900680,23513.999324536708,24513.395306875973,23457.78624576845,23904.52071609625,4314222391.624325,23904.52071609625
2024-01-05 01:50:27.900680,23723.01847432781,24496.34507424317,22737.231943064005,23333.522643822896,4157171393.2787423,23333.522643822896
2024-01-06 01:50:27.900680,22805.024553520627,24083.01525062958,22449.02479898609,23141.20270068124,2231183326.7229824,23141.20270068124
2024-01-07 01:50:27.900680,23817.05314233963,24115.38299600715,23388.512206096155,23395.70827103113,4655153775.493037,23395.70827103113
2024-01-08 01:50:27.900680,24062.55378794672,24483.895559722296,23970.32753656725,24114.63583283449,4811260068.010024,24114.63583283449
2024-01-09 01:50:27.900680,23494.563567461973,24536.501035426325,23346.205994877953,23794.244530899658,2306970168.120163,23794.244530899658
2024-01-10 01:50:27.900680,23725.45661847356,24309.92722861907,23175.77720082567,23685.758389837196,2417699795.1722193,23685.758389837196
2024-01-11 01:50:27.900680,23277.600899695994,23424.07440732673,22500.437424179894,22935.4536227937,3022536613.687835,22935.4536227937
2024-01-12 01:50:27.900680,22354.861760020678,22293.874679548564,21264.607050792518,22149.118697080623,4764483250.134694,22149.118697080623
2024-01-13 01:50:27.900680,22996.944368982553,23725.471449300017,22031.28771154153,22718.361687524193,4505277732.569246,22718.361687524193
2024-01-14 01:50:27.900680,23835.878206511887,24218.11148088267,22547.902651379893,23685.444024740424,1410271850.3343592,23685.444024740424
2024-01-15 01:50:27.900680,23839.93264207453,23888.196407188374,23037.601649072792,23657.977655393763,2570922973.0856647,23657.977655393763
2024-01-16 01:50:27.900680,24746.33857036266,24854.214101333604,23847.813047554904,24405.447524362145,3213484758.9990873,24405.447524362145
2024-01-17 01:50:27.900680,24449.058245196764,25207.724360480715,23742.761572285577,24696.349700979,3012529890.20616,24696.349700979
2024-01-18 01:50:27.900680,24236.96055622127,25250.491717620604,24203.607146622417,24247.217164343896,1775452271.7475708,24247.217164343896
2024-01-19 01:50:27.900680,24262.43950210234,25436.05652426684,24424.97499740866,24536.056335758007,4435267084.672619,24536.056335758007
2024-01-20 01:50:27.900680,26222.130312173245,26709.751321867207,25363.079989959027,25720.409477973983,3707763131.9873495,25720.409477973983
2024-01-21 01:50:27.900680,26175.30750654662,25732.671518560728,25118.456671274253,25718.486147490854,4351633499.407214,25718.486147490854
2024-01-22 01:50:27.900680,26484.36622615923,27542.865180481764,26806.022415059175,26981.44340303996,4435057117.397888,26981.44340303996
2024-01-23 01:50:27.900680,25172.355223387294,25567.93818970178,23881.798627776938,24967.050990801614,3993423414.662959,24967.050990801614
2024-01-24 01:50:27.900680,26051.646043150304,25640.50234409733,25347.606724296587,25615.92095179811,2756842404.9988694,25615.92095179811
2024-01-25 01:50:27.900680,25380.119444076845,26042.569508724606,24583.61635706741,25708.59784381771,3442187020.061698,25708.59784381771
2024-01-26 01:50:27.900680,25573.825436532523,26474.04998023465,25242.081245704758,25504.509046640298,1641461624.4789724,25504.509046640298
2024-01-27 01:50:27.900680,26025.869496773652,25775.90597055602,24673.37068775995,25600.402785929888,3694581669.8996305,25600.402785929888
2024-01-28 01:50:27.900680,23692.603281207008,24788.86583438943,23994.306803099244,24142.67491039441,1717013022.957123,24142.67491039441
2024-01-29 01:50:27.900680,24197.67744417259,24266.41939828601,23940.917978947833,24008.09010161471,3775798362.0406275,24008.09010161471
2024-01-30 01:50:27.900680,24094.055877417435,24305.680620665356,23257.131232805426,24290.959358451968,1918392643.0158746,24290.959358451968
2024-01-31 01:50:27.900680,25849.06494409837,25724.117841548625,24734.705685593748,25417.579974622036,1470205200.60088,25417.579974622036
2024-02-01 01:50:27.900680,25522.48848791543,26272.78435394781,25026.665334622307,25050.479098919874,1661137960.5718298,25050.479098919874
2024-02-02 01:50:27.900680,24909.58707384499,25455.52355478424,23842.485016674695,24474.656288974562,1007968540.876281,24474.656288974562
2024-02-03 01:50:27.900680,24108.234678375386,25291.00556063041,23968.47509712835,24133.126341063733,3874958471.414121,24133.126341063733
2024-02-04 01:50:27.900680,25189.452235737357,25435.54101467999,24319.286099386896,24829.873309469785,3929604196.233516,24829.873309469785
2024-02-05 01:50:27.900680,25447.00103848624,25238.783588366397,24317.06481218511,25101.058849321158,3059733399.653038,25101.058849321158
2024-02-06 01:50:27.900680,24551.05769484668,25407.555537167045,23846.874772541254,24730.00353227392,1645451204.2215347,24730.00353227392
2024-02-07 01:50:27.900680,25469.612368221955,25709.996470054946,24137.366286448352,25138.869836545968,1334217350.042759,25138.869836545968
2024-02-08 01:50:27.900680,24770.024746314502,26302.883406103596,24936.83406302686,25237.413945363627,1076515865.7491481,25237.413945363627
2024-02-09 01:50:27.900680,26107.700871669127,26135.095506918235,25209.82216378117,26007.551120230713,1662992707.8608828,26007.551120230713
2024-02-10 01:50:27.900680,25215.703236681547,26113.28466115166,24868.093207177782,25490.99699335885,4563422139.932587,25490.99699335885
2024-02-11 01:50:27.900680,24883.42172072816,25456.469023588157,24625.537537722077,25266.90575015022,1966147366.806727,25266.90575015022
2024-02-12 01:50:27.900680,24573.424127875387,25402.196811969956,24468.084840924028,24996.410179767943,2417085308.8688626,24996.410179767943
2024-02-13 01:50:27.900680,24134.628135547755,24829.470226185174,23785.661520055302,23946.610104196403,1421381937.9253328,23946.610104196403
2024-02-14 01:50:27.900680,24029.560985228127,24760.07463262133,24161.17207146321,24184.46250260732,1889445218.992681,24184.46250260732
2024-02-15 01:50:27.900680,24618.36071781283,24857.56222708448,23676.27979653278,24398.997363178416,3076898283.1208205,24398.997363178416
2024-02-16 01:50:27.900680,24002.471162830258,24908.952162460388,24216.49438725635,24427.15549271941,3431010732.3826103,24427.15549271941
2024-02-17 01:50:27.900680,24100.72718460728,24837.889170373805,23994.253433405698,24280.118080933764,1981409256.6648443,24280.118080933764
2024-02-18 01:50:27.900680,23330.817183551364,24208.330327033105,22797.309471619403,23294.02074419911,1230928636.9004688,23294.02074419911
2024-02-19 01:50:27.900680,23292.680692050813,24051.934699485057,22974.32496107438,23024.925523317997,2564131476.509595,23024.925523317997
2024-02-20 01:50:27.900680,22646.823605279624,23901.874609671984,21900.262686423703,22812.209842743046,1936813483.7053366,22812.209842743046
2024-02-21 01:50:27.900680,22404.248644695726,23169.076125577645,21299.18001568194,22291.993853108,1878215692.9192078,22291.993853108
2024-02-22 01:50:27.900680,22549.438426863224,22556.794023039507,22044.438141359915,22206.58846637289,4839451210.853821,22206.58846637289
2024-02-23 01:50:27.900680,22604.16925307742,23274.04073886667,21868.939427785153,22499.89288016318,3465201943.702896,22499.89288016318
2024-02-24 01:50:27.900680,23579.013225738192,24355.077424943425,23651.23053621264,23833.594651103784,3227513772.6883836,23833.594651103784
2024-02-25 01:50:27.900680,23526.470866335632,24288.102008141417,23854.517961652124,23982.717331088275,2663100414.0932875,23982.717331088275
2024-02-26 01:50:27.900680,24551.069500630376,25210.07550775481,23058.824265916253,24192.918623079237,2715777333.7205772,24192.918623079237
2024-02-27 01:50:27.900680,23700.393450100284,24209.522997875338,24022.305398341934,24163.098016056545,3163620015.352323,24163.098016056545
2024-02-28 01:50:27.900680,23176.534276564398,23863.84722370971,22204.43017530899,22834.292374670436,3785719228.1444287,22834.292374670436
2024-02-29 01:50:27.900680,22865.40014434619,23365.94774619416,22279.903630218258,22838.96437741691,3808584384.727318,22838.96437741691
2024-03-01 01:50:27.900680,23305.40279777001,23632.85767464793,22475.550668738855,22903.161265548642,1686775630.8217983,22903.161265548642
2024-03-02 01:50:27.900680,24979.43002538643,25498.206813939803,24593.558282283815,24684.418409167152,3000451008.306508,24684.418409167152
2024-03-03 01:50:27.900680,25056.242315917414,25666.448655269935,23362.068247900355,24566.93374382686,2647832380.136408,24566.93374382686
2024-03-04 01:50:27.900680,24666.80404749177,25604.934932201857,24165.881286644988,24814.987424378734,4482107865.077537,24814.987424378734
2024-03-05 01:50:27.900680,25079.161263283597,25575.66747886281,24426.51861194219,24813.9612691592,3525675684.8735056,24813.9612691592
2024-03-06 01:50:27.900680,23888.94095669646,24062.946537086813,23650.504435440544,23983.020673751078,3130016265.663927,23983.020673751078
2024-03-07 01:50:27.900680,24824.36158851035,25488.336476310797,24462.418923965633,24844.360682417533,1461578568.7156696,24844.360682417533
2024-03-08 01:50:27.900680,25566.32459268017,25627.58179608943,24335.74137174683,25436.592412748792,3422551557.293646,25436.592412748792
2024-03-09 01:50:27.900680,26463.22992823649,27034.881240982595,25160.146311900164,26073.5070139292,1468815622.7209337,26073.5070139292
2024-03-10 01:50:27.900680,25888.95352669837,26047.628938621194,24582.83849897085,25397.179339398655,2348826302.263008,25397.179339398655
2024-03-11 01:50:27.900680,26799.834609864105,27417.122803541108,26256.030290143797,26515.300601385006,1571367859.2573276,26515.300601385006
2024-03-12 01:50:27.900680,25365.035364065014,25501.77080087563,24531.011858628684,25448.744650561715,3768294588.0974755,25448.744650561715
2024-03-13 01:50:27.900680,25845.110920563926,26036.587685801525,24903.479403630103,25926.668959281043,1825008455.3446105,25926.668959281043
2024-03-14 01:50:27.900680,27978.71988474388,28707.990041892946,27656.36586472118,27715.33298078875,2567437492.752104,27715.33298078875
2024-03-15 01:50:27.900680,26649.378250670812,27027.839967470474,25596.171590019858,26930.775613568803,4582699110.475115,26930.775613568803
2024-03-16 01:50:27.900680,26090.651759284814,26598.033384488437,26500.717615785816,26503.6053748388,1817265533.5958812,26503.6053748388
2024-03-17 01:50:27.900680,26454.816215449184,26625.663852287696,26179.57174443923,26609.553796130105,3031220255.8351164,26609.553796130105
2024-03-18 01:50:27.900680,26013.592400000874,27491.66041087541,26011.858281466648,26236.87980008555,2677086644.6640882,26236.87980008555
2024-03-19 01:50:27.900680,24865.09704727876,25993.79690778038,24185.18219778198,25069.354000692972,1072496164.1829189,25069.354000692972
2024-03-20 01:50:27.900680,24878.156386177798,25590.2503490627,23906.79888954993,25146.10548992974,4171032454.291251,25146.10548992974
2024-03-21 01:50:27.900680,23935.143773953994,24743.22857760747,24062.166431152844,24381.72611134625,1276183625.258399,24381.72611134625
2024-03-22 01:50:27.900680,24277.943659071552,25188.202992526723,24550.061229498315,24755.351670886557,2897020083.9078145,24755.351670886557
2024-03-23 01:50:27.900680,24576.237091040693,25039.64471890882,23793.15294882377,24105.956502548852,3242713179.7558,24105.956502548852
2024-03-24 01:50:27.900680,25205.538290630993,26114.495129603918,24195.194017119265,25278.569966323244,3513705826.4583483,25278.569966323244
2024-03-25 01:50:27.900680,24601.852121936976,24945.079057912477,24411.496015915698,24716.212408288182,3754526517.2315025,24716.212408288182
2024-03-26 01:50:27.900680,24679.125169018247,24716.359400831483,24219.944104004055,24503.048922751543,2013089534.0908604,24503.048922751543
2024-03-27 01:50:27.900680,24850.28550913737,25257.18809046712,24704.432335892812,25133.536557508545,1039915106.6337975,25133.536557508545
2024-03-28 01:50:27.900680,24683.01945109018,25047.123363463124,23963.07309249348,24246.617973877586,3893774649.4196477,24246.617973877586
2024-03-29 01:50:27.900680,24716.95988709295,25371.013776417392,24248.801273338664,24437.062644880076,3142626397.390314,24437.062644880076
2024-03-30 01:50:27.900680,25021.996591370895,25776.945338678444,24948.316942443143,25439.80881548765,4344470812.828995,25439.80881548765
2024-03-31 01:50:27.900680,24186.352093750407,24291.765542688292,23160.540681339022,24266.352652155205,4285553451.602777,24266.352652155205
2024-04-01 01:50:27.900680,24795.957583217776,24525.90505760735,23799.802002088312,24425.550646325424,4373304671.151533,24425.550646325424
2024-04-02 01:50:27.900680,25079.70941434868,25833.826637177317,23504.958767262677,24641.357386252934,2940378639.9181604,24641.357386252934
2024-04-03 01:50:27.900680,25218.45635811445,25624.40209079823,24503.364753726564,25251.38263462405,2334513583.3474627,25251.38263462405
2024-04-04 01:50:27.900680,24466.347149206704,25292.612365511744,23633.836377590043,24355.85788209363,4166232810.36548,24355.85788209363
2024-04-05 01:50:27.900680,23121.21424271533,24165.211051598373,22338.989931029246,23433.31416866432,2805176452.1170197,23433.31416866432
2024-04-06 01:50:27.900680,24295.063418408386,24281.96424603172,23051.16081762336,23826.941572127274,1733768785.613738,23826.941572127274
2024-04-07 01:50:27.900680,23805.944823124326,24311.71464494181,22994.572088975016,24064.22937212193,4419896078.245897,24064.22937212193
2024-04-08 01:50:27.900680,24699.81006389892,24417.308406722135,24037.299322435578,24270.005952160125,4530239507.089389,24270.005952160125
2024-04-09 01:50:27.900680,24695.047886502016,25302.97639623978,24483.898218403603,24548.106213145777,2865239024.5606804,24548.106213145777
2024-04-10 01:50:27.900680,24180.20159072203,25008.96620497596,22959.678770601586,24076.444830796125,1302798909.2391498,24076.444830796125
2024-04-11 01:50:27.900680,24281.360350182997,25050.38982485497,24214.577281659385,24269.042829490914,2551304359.6677246,24269.042829490914
2024-04-12 01:50:27.900680,24243.828642397,25157.68530960374,23922.825652104457,24507.856870611235,4214150637.8504133,24507.856870611235
2024-04-13 01:50:27.900680,23701.53696904889,24062.595396216762,23171.278836781865,24012.228278536542,4607096114.184915,24012.228278536542
2024-04-14 01:50:27.900680,25135.794946308164,26650.954080658077,24246.696104990395,25420.004620586315,1813890969.9903834,25420.004620586315
2024-04-15 01:50:27.900680,25486.009254823824,26840.456729120197,25165.289403707,25809.72696849679,1267894448.1010861,25809.72696849679
2024-04-16 01:50:27.900680,25207.30006168578,25293.495958783566,24672.393914713026,24928.515031609244,4509401812.531355,24928.515031609244
2024-04-17 01:50:27.900680,25297.255378192534,26696.83058503472,25077.096904755053,25449.82682618558,2557619755.915501,25449.82682618558
2024-04-18 01:50:27.900680,24303.586305489618,25485.72842205736,23566.240024950766,24741.16581164881,3167043857.070253,24741.16581164881
2024-04-19 01:50:27.900680,25833.478255982664,26096.1082884304,24182.212168881608,25357.664373901654,4872263248.203035,25357.664373901654
2024-04-20 01:50:27.900680,26684.25492327786,27263.805150844593,25496.158220065106,26280.806815232383,1266258911.6568913,26280.806815232383
2024-04-21 01:50:27.900680,26106.48593187729,26709.113390122406,24762.91574183184,25667.31581415735,3593272029.808382,25667.31581415735
2024-04-22 01:50:27.900680,26969.932175319707,27314.46564232196,25431.357919137088,26446.391141060576,1296421690.2994683,26446.391141060576
2024-04-23 01:50:27.900680,26453.093907526418,26974.37927718117,25839.162072373114,26802.713597038564,2501875713.8660016,26802.713597038564
2024-04-24 01:50:27.900680,27385.289374793196,27964.52877359611,27229.215213592524,27499.420749927547,4215258180.773787,27499.420749927547
2024-04-25 01:50:27.900680,29439.73475659192,30490.904577906975,29035.634668610703,29138.744953364432,2733888931.0225377,29138.744953364432
2024-04-26 01:50:27.900680,29180.985977178283,29279.13863410621,28092.731298656403,28953.963028063576,4988729415.611801,28953.963028063576
2024-04-27 01:50:27.900680,27942.647723269816,28862.187170604553,28201.90414255466,28334.921009466343,3236237139.786409,28334.921009466343
2024-04-28 01:50:27.900680,27965.28051999394,28213.013907962664,26679.50155360798,27616.393643774565,2284648610.5438137,27616.393643774565
2024-04-29 01:50:27.900680,26678.331638836193,27568.329768231688,26269.494528849136,26975.66762059036,1880445303.6190124,26975.66762059036
2024-04-30 01:50:27.900680,26642.653304090094,27765.908335354852,25897.721024690007,26940.27042987596,2402082137.1446476,26940.27042987596
2024-05-01 01:50:27.900680,27284.933208398652,28529.327054429596,26754.88399378607,27244.63901621609,2490133095.0382032,27244.63901621609
2024-05-02 01:50:27.900680,27601.44693670814,27830.158965955798,27470.31578065019,27499.2159232639,1274854710.895844,27499.2159232639
2024-05-03 01:50:27.900680,28308.760585230546,28389.793019285888,27658.92569563236,28218.36451302123,2478296797.707093,28218.36451302123
2024-05-04 01:50:27.900680,27795.872578313036,28536.61918921776,27350.284736465295,28257.61691647918,2856954078.9568996,28257.61691647918
2024-05-05 01:50:27.900680,29992.719129590787,30856.892825284627,29026.321494343716,29546.611550248326,3890951008.955219,29546.611550248326
2024-05-06 01:50:27.900680,29067.16347901461,30289.754589847165,28055.501411297544,29342.276614566803,3626917938.8864317,29342.276614566803
2024-05-07 01:50:27.900680,31396.74205649336,32324.600427546524,31691.60562988992,31869.02194058527,3835062620.916617,31869.02194058527
2024-05-08 01:50:27.900680,33010.79804360877,33831.47419907733,31697.72114705149,32505.34246486084,1033454727.5074284,32505.34246486084
2024-05-09 01:50:27.900680,32289.809624293015,33077.60880385237,30838.72163566636,31711.827947654892,1870669598.322144,31711.827947654892
2024-05-10 01:50:27.900680,31185.21659646726,32041.035493156658,30103.420584145173,30739.945271032488,3646737153.599426,30739.945271032488
2024-05-11 01:50:27.900680,31605.83513653441,32653.732952827402,30633.620252070796,31219.31988270737,2935957472.7189884,31219.31988270737
2024-05-12 01:50:27.900680,31234.51474589866,31433.255604784157,29601.06998317388,31041.755402252355,1021253902.6733838,31041.755402252355
2024-05-13 01:50:27.900680,31810.152183662554,32944.034238241235,31241.797432174535,31745.572330174753,4217978569.727289,31745.572330174753
2024-05-14 01:50:27.900680,31699.213656524706,32973.896892346995,31010.006912126548,32231.698383847546,4091238293.16135,32231.698383847546
2024-05-15 01:50:27.900680,32075.64214025575,33548.876025721256,31733.086976593917,32193.530712119922,3193676651.9742503,32193.530712119922
2024-05-16 01:50:27.900680,31257.40290792693,32561.758669860264,31138.619991797197,31417.394712424863,1265853303.1050885,31417.394712424863
2024-05-17 01:50:27.900680,29762.82029068589,31218.2865906885,29757.04359038706,30051.61173109789,4066060198.1303387,30051.61173109789
2024-05-18 01:50:27.900680,29946.664625519497,30655.19803695201,29017.287625050558,29681.40768633081,3334854350.9254556,29681.40768633081
2024-05-19 01:50:27.900680,30479.301856416496,30754.77074043549,29752.965886353926,30484.330874675437,4127839908.631837,30484.330874675437
2024-05-20 01:50:27.900680,30196.785073167695,31548.380647793943,29395.276039592798,30711.452238377282,4006987969.5833616,30711.452238377282
2024-05-21 01:50:27.900680,29283.015656641946,31072.504980641093,29281.830468599328,29614.48082465287,4212008287.8313484,29614.48082465287
2024-05-22 01:50:27.900680,30016.9583604083,31195.163802364492,28712.978448702794,29798.52472838416,3072032265.6184993,29798.52472838416
2024-05-23 01:50:27.900680,29663.5276135965,30240.278716733766,29415.775735570525,30175.140040546346,1561298072.77406,30175.140040546346
2024-05-24 01:50:27.900680,29828.168505069723,29657.340192735803,28362.287596997423,29414.939302692506,3684629893.5187545,29414.939302692506
2024-05-25 01:50:27.900680,29574.729992717883,29775.30268316635,28299.384390042484,29580.47271372708,3481895140.2078824,29580.47271372708
2024-05-26 01:50:27.900680,29638.78658009725,30738.514351630234,29112.420430908758,29661.820078114746,3969012748.7963486,29661.820078114746
2024-05-27 01:50:27.900680,28796.708356833933,29863.798739631442,27334.066904319137,28690.65874822013,1679524024.2029412,28690.65874822013
2024-05-28 01:50:27.900680,29406.297116124428,29339.19097528181,28664.454360601783,29029.286840465207,1779900799.6011567,29029.286840465207
2024-05-29 01:50:27.900680,29371.43226769691,30298.760869774367,28543.01899339712,29551.32987977477,4561638068.877314,29551.32987977477
2024-05-30 01:50:27.900680,30775.400892107766,31842.311695356686,29030.12486360179,30557.809544676726,3999911193.8082833,30557.809544676726
2024-05-31 01:50:27.900680,31653.86234434065,32727.61229620331,30799.15025238382,31570.85377539343,4632913954.801291,31570.85377539343
2024-06-01 01:50:27.900680,30040.356776511235,31145.043316720697,28877.819966934465,30322.932215381345,4034861284.655683,30322.932215381345
2024-06-02 01:50:27.900680,29958.14287054508,30382.283154991575,28443.135125917554,29511.1900116871,3388621223.9612074,29511.1900116871
2024-06-03 01:50:27.900680,30357.615217097304,30763.25421828609,29561.150252380616,30000.695714228386,3616530948.1114945,30000.695714228386
2024-06-04 01:50:27.900680,30690.471218809314,30950.897269611614,29067.91180109116,30497.1778674095,4556511695.76004,30497.1778674095
2024-06-05 01:50:27.900680,31437.813934024478,31878.920071222106,30753.999985186056,31003.049821480105,3315227018.047762,31003.049821480105
2024-06-06 01:50:27.900680,35348.37474780691,36036.48387652982,33101.38947734904,34836.56402982611,3529565297.3135495,34836.56402982611
2024-06-07 01:50:27.900680,35769.451525031815,37022.79839109735,34137.89374364384,35473.79450826701,1625906864.0144024,35473.79450826701
2024-06-08 01:50:27.900680,37235.09346851034,37908.6826183182,36263.86416176647,36739.821092910046,2895684880.464411,36739.821092910046
2024-06-09 01:50:27.900680,38143.26068047873,39284.540514867826,36550.56861640276,37844.33364524566,3865588447.832396,37844.33364524566
2024-06-10 01:50:27.900680,38908.11322310828,38938.93787512525,36895.07728269074,38629.76142169149,2083770793.2654617,38629.76142169149
2024-06-11 01:50:27.900680,38486.13932767396,39188.39003301244,37079.112813811924,38304.405793160346,1809016722.0981398,38304.405793160346
2024-06-12 01:50:27.900680,39622.29301166242,39244.07479225366,37794.8034334968,39225.772792297576,2255307232.897662,39225.772792297576
2024-06-13 01:50:27.900680,37841.23381316362,38838.333797718624,38063.421337635,38365.14033496651,1966002511.9713337,38365.14033496651
2024-06-14 01:50:27.900680,38712.58074330456,39516.71074851293,36822.492605581014,38131.65150103622,1859650548.1455834,38131.65150103622
2024-06-15 01:50:27.900680,38177.563137701574,39483.53954433231,37221.0447598524,37618.042118177895,2699403371.4723477,37618.042118177895
2024-06-16 01:50:27.900680,37037.47916723835,37935.473597723714,37544.20140066628,37748.28344697618,4631354055.534136,37748.28344697618
2024-06-17 01:50:27.900680,41031.01464805927,41316.23968739999,39356.54154137854,40503.15045332574,3028238586.954873,40503.15045332574
2024-06-18 01:50:27.900680,37765.85192518391,39868.475718948655,38162.32579162446,38334.94200951954,1751681523.261292,38334.94200951954
2024-06-19 01:50:27.900680,38913.16088227677,39571.12575820913,37951.937099930656,39171.506597806445,1307886677.5234962,39171.506597806445
2024-06-20 01:50:27.900680,37722.67350455136,38395.65159329585,37291.68724680025,37358.786585408045,3784624580.551701,37358.786585408045
2024-06-21 01:50:27.900680,36370.123883757566,38221.87428053515,35191.52632494323,36870.44117564438,2531195057.745551,36870.44117564438
2024-06-22 01:50:27.900680,38617.94920379381,39307.415468324005,37536.20449084941,38132.94839886292,4287323786.341437,38132.94839886292
2024-06-23 01:50:27.900680,38752.8765624236,38604.32884788517,37276.83206306793,38244.78061163876,3638043074.563081,38244.78061163876
2024-06-24 01:50:27.900680,37076.131907681454,37723.677749732225,35930.2185323051,37065.06022761709,4184965802.165474,37065.06022761709
2024-06-25 01:50:27.900680,35597.43370400083,37737.594908876745,35647.55341688733,36314.44666131322,2087784157.673795,36314.44666131322
2024-06-26 01:50:27.900680,36783.47185712513,38127.57944623317,36550.16529773014,37099.50303410214,3769435689.8442326,37099.50303410214
2024-06-27 01:50:27.900680,36501.69684679474,36341.27042477806,34523.108115966716,36331.7703688601,2056247938.7748752,36331.7703688601
2024-06-28 01:50:27.900680,37309.60838768784,37997.85994975494,35080.368155260105,36605.05453613864,4756273917.801167,36605.05453613864
2024-06-29 01:50:27.900680,36885.26607884226,36756.58889006298,36165.36407233721,36691.80701901063,3545497126.1334977,36691.80701901063
2024-06-30 01:50:27.900680,35671.46850541008,37360.493734806965,35416.721178688356,36017.51967520751,2298047200.7013683,36017.51967520751
2024-07-01 01:50:27.900680,38654.7518689839,38837.913582894005,38383.38689582195,38448.658289491104,2078047449.1690905,38448.658289491104
2024-07-02 01:50:27.900680,39288.80069052936,41105.13441458044,38757.384609343164,39226.06193128615,1763706340.286574,39226.06193128615
2024-07-03 01:50:27.900680,37364.41280550367,37630.57755762935,36859.84306807867,36950.792441031335,3778563835.574911,36950.792441031335
2024-07-04 01:50:27.900680,36610.4993419871,37803.25222989436,36642.033446433656,37195.237277730026,1874862451.9917092,37195.237277730026
2024-07-05 01:50:27.900680,36881.649104042175,36772.26743192948,35219.46893340938,36500.54269999556,3381213063.709956,36500.54269999556
2024-07-06 01:50:27.900680,37545.34608250459,38056.22886973646,35806.77198299564,37483.47349418453,2058540107.7014294,37483.47349418453
2024-07-07 01:50:27.900680,37317.96275924909,38245.411004217545,36239.72028358117,36639.412557637996,3647875779.175474,36639.412557637996
2024-07-08 01:50:27.900680,36318.86168529291,38370.84809920997,35899.726766336455,36550.044862303504,4259758914.1621566,36550.044862303504
2024-07-09 01:50:27.900680,37342.156384210946,37829.15104342886,35377.34462876772,37145.10621195132,4112100972.578613,37145.10621195132
2024-07-10 01:50:27.900680,38820.10147309097,39016.606166055055,36939.59839205705,38160.64266683507,4043405323.723127,38160.64266683507
2024-07-11 01:50:27.900680,36261.92997547608,38178.13170362505,36768.204008692635,36847.79558711066,1750889622.7690082,36847.79558711066
2024-07-12 01:50:27.900680,37155.01380209064,38134.40666726582,35604.19691942439,36516.37384624447,1353539787.9380748,36516.37384624447
2024-07-13 01:50:27.900680,36306.60671756117,37104.32318544384,35013.679888070794,36035.78235768324,3795795313.9495425,36035.78235768324
2024-07-14 01:50:27.900680,34760.26236333965,36064.162951757884,34412.61137657421,35371.71615852221,2473388855.1774054,35371.71615852221
2024-07-15 01:50:27.900680,37035.7191900358,38103.163229391925,35856.20698769516,37332.94382904008,2729384905.613389,37332.94382904008
2024-07-16 01:50:27.900680,38142.075135202394,39142.753961755094,36633.094695689244,37827.09333413254,1124596371.1735642,37827.09333413254
2024-07-17 01:50:27.900680,35828.42623859114,36465.2583889702,35310.58032850777,36459.39159232042,2038305797.1001968,36459.39159232042
2024-07-18 01:50:27.900680,37638.082458021476,38676.966022839944,35737.243633274666,37514.77819451531,1134705615.4978561,37514.77819451531
2024-07-19 01:50:27.900680,39774.0968956395,40732.168258014484,39555.705690029565,40020.81230567189,4516743090.404991,40020.81230567189
2024-07-20 01:50:27.900680,41520.967727891104,42961.96906660779,40115.57885576132,41321.11317611437,1973586732.874122,41321.11317611437
2024-07-21 01:50:27.900680,38801.350744755495,39703.178266769,39168.06391789385,39519.43140617367,3229348678.2920322,39519.43140617367
2024-07-22 01:50:27.900680,39567.876348184225,40135.10532265428,38696.71559402131,38988.45057208888,1155917282.6445217,38988.45057208888
2024-07-23 01:50:27.900680,41307.13460566013,41514.2535559746,38942.075495666126,40539.33744180199,3667389565.2226324,40539.33744180199
2024-07-24 01:50:27.900680,40472.55618045276,41003.3612537531,39046.83922897282,39727.4630731849,2292109383.0163755,39727.4630731849
2024-07-25 01:50:27.900680,40702.675946652205,40430.91560308881,39236.87648735929,40300.234848666616,4591676747.830664,40300.234848666616
2024-07-26 01:50:27.900680,40678.073259924546,42486.3559160553,41041.59767853008,41289.008149762776,4552472755.736143,41289.008149762776
2024-07-27 01:50:27.900680,40612.09531906331,41325.33606478587,38620.603386087896,40196.840736865204,2301162473.446991,40196.840736865204
2024-07-28 01:50:27.900680,39401.464288477146,41291.2211945338,39518.232087275355,40165.26804579353,4603843582.761871,40165.26804579353
2024-07-29 01:50:27.900680,35782.69906811763,37580.77870877976,35764.5562444095,36480.016700966466,4984630693.995115,36480.016700966466
2024-07-30 01:50:27.900680,35161.52321133238,36609.104240119574,34163.654318597226,35411.371372774694,4301662656.495792,35411.371372774694
2024-07-31 01:50:27.900680,35163.25247932895,36595.17823012249,33660.547515722465,35179.23343356154,4379485391.020916,35179.23343356154
2024-08-01 01:50:27.900680,34287.49370836119,34378.222465917046,33329.769060802784,33920.59845085753,1996034944.4363596,33920.59845085753
2024-08-02 01:50:27.900680,35920.20177850635,37129.770234315154,35192.693853097255,35658.75835681305,3306809595.431025,35658.75835681305
2024-08-03 01:50:27.900680,34121.385047312804,35047.282271428325,33025.260990980205,34195.38014813009,1269023655.8694715,34195.38014813009
2024-08-04 01:50:27.900680,33474.804069736914,33910.84000558569,33180.79601650873,33780.68592930123,1379671747.2866788,33780.68592930123
2024-08-05 01:50:27.900680,34622.41450943121,34046.754209799525,32920.68590635842,33947.371701872755,4995570448.1331625,33947.371701872755
2024-08-06 01:50:27.900680,35378.08345868229,36075.84188211739,34974.04345147735,35482.855385783405,2306556997.703644,35482.855385783405
2024-08-07 01:50:27.900680,33954.70248033147,35356.00006194049,32658.687565104232,34020.85668346094,3992735648.1953855,34020.85668346094
2024-08-08 01:50:27.900680,34789.7323013476,36512.004558022185,35070.639881161536,35264.21396300986,4226660212.107266,35264.21396300986
2024-08-09 01:50:27.900680,35726.72708225661,36702.64703068655,34052.2438728283,35310.33413535054,4432093084.028917,35310.33413535054
2024-08-10 01:50:27.900680,34585.96092688702,35207.70899789074,33235.191833498735,34320.0733986933,4990513189.608625,34320.0733986933
2024-08-11 01:50:27.900680,34444.91763855109,35600.68021890895,33193.46534916021,34833.985933766955,1965985941.0274715,34833.985933766955
2024-08-12 01:50:27.900680,34491.72541320898,35336.30443676817,33519.384790033335,35077.68973762656,1161403307.438799,35077.68973762656
2024-08-13 01:50:27.900680,34735.174049631976,35052.09055529474,33651.380964844546,34486.18475842735,2644766071.978344,34486.18475842735
2024-08-14 01:50:27.900680,34806.85299488366,35343.755147646276,33326.24216741977,34593.05241351951,1520322679.3157878,34593.05241351951
2024-08-15 01:50:27.900680,33919.24181079001,34381.33034492573,33948.11901300586,34229.69207364941,1089703556.6482205,34229.69207364941
2024-08-16 01:50:27.900680,35000.866780065786,34760.06538231936,32687.0416662034,34380.82434261707,2441707308.5659447,34380.82434261707
2024-08-17 01:50:27.900680,34615.68449635282,36155.73371608926,34015.812240133106,35105.67847464906,4134953004.3009458,35105.67847464906
2024-08-18 01:50:27.900680,36753.48769170253,38208.813230390435,35632.18693790646,36853.23495070907,3264722764.9002833,36853.23495070907
2024-08-19 01:50:27.900680,36176.07452283629,37319.66531467167,33802.41903848971,35545.335455014596,2251111956.8414164,35545.335455014596
2024-08-20 01:50:27.900680,37810.387433513446,39701.93549781268,36271.453204079735,37932.18416141301,3617368021.9708786,37932.18416141301
2024-08-21 01:50:27.900680,36008.78897650139,36960.88703407071,34760.4789856078,35810.36240098973,1928072721.2352428,35810.36240098973
2024-08-22 01:50:27.900680,35537.16728699312,36434.910973692015,34778.520093536295,35683.3342199326,1057525784.2883401,35683.3342199326
2024-08-23 01:50:27.900680,36026.71855489168,37511.468471092485,35272.201347857794,36355.055307136674,4057413545.7457094,36355.055307136674
2024-08-24 01:50:27.900680,37409.96548424625,38141.14697584309,35838.77851201806,36699.496053004485,3494972339.4560366,36699.496053004485
2024-08-25 01:50:27.900680,35925.55231276219,36269.6539322127,35326.412575092196,36056.31557998932,4049210498.00384,36056.31557998932
2024-08-26 01:50:27.900680,36433.161046774076,36602.861250927584,34092.15318620721,35867.74308723617,1155752066.7506623,35867.74308723617
2024-08-27 01:50:27.900680,34994.390015471254,36861.98482017818,34428.598240628424,35376.52067417767,4348478511.322609,35376.52067417767
2024-08-28 01:50:27.900680,34392.04310294246,35459.00393141821,34727.806087145495,34791.3015329686,3478104800.145213,34791.3015329686
2024-08-29 01:50:27.900680,35055.15671927996,36746.680974893694,34866.0366290416,35725.169289806814,3253581402.8505607,35725.169289806814
2024-08-30 01:50:27.900680,36365.27267722636,37208.26197233607,35563.209147426845,36145.98679453811,3498456192.4581265,36145.98679453811
2024-08-31 01:50:27.900680,35251.420137539506,35764.657041840415,34218.4844954737,35437.78554698733,4457732987.473456,35437.78554698733
2024-09-01 01:50:27.900680,36974.769724038335,37103.686948520844,36031.799549715615,36443.628259619094,3347746026.235628,36443.628259619094
2024-09-02 01:50:27.900680,36778.500275386876,37433.75560386316,36399.92620509739,36817.954532881355,3323801519.552717,36817.954532881355
2024-09-03 01:50:27.900680,38471.81967811837,37814.04002947057,36860.67209449918,37764.574651721145,4962716628.263063,37764.574651721145
2024-09-04 01:50:27.900680,38038.605773492374,38569.78535634897,38476.98696277425,38523.18816273022,4026920668.274272,38523.18816273022
2024-09-05 01:50:27.900680,38169.15683523351,39178.72810537948,35969.932269989986,37614.53329821117,2769175221.804541,37614.53329821117
2024-09-06 01:50:27.900680,37434.32954135456,37530.21114430196,35204.83245352031,37024.692998990504,3829588000.131711,37024.692998990504
2024-09-07 01:50:27.900680,38312.73901423837,38883.810891286375,37466.426654998824,37901.99982589715,2556921886.7671537,37901.99982589715
2024-09-08 01:50:27.900680,39173.95366717701,39218.19571139362,38268.45678238573,38641.04233461976,1915501849.933996,38641.04233461976
2024-09-09 01:50:27.900680,39059.05634215909,40473.57555513668,36955.01673367138,38655.45628332722,3387407507.551038,38655.45628332722
2024-09-10 01:50:27.900680,39026.61575194935,39333.99949794117,37404.67571499077,38830.56748327458,4712728392.455806,38830.56748327458
2024-09-11 01:50:27.900680,39792.467444936585,41255.854995819085,38404.237030022996,40388.20169518849,4716558080.0618515,40388.20169518849
2024-09-12 01:50:27.900680,38974.77237980568,41450.577923860605,38314.04815676586,39717.44704830672,2367621112.4219613,39717.44704830672
2024-09-13 01:50:27.900680,41095.44461525826,42116.44177333081,39956.6756001753,40415.100296103454,3110709864.88678,40415.100296103454
2024-09-14 01:50:27.900680,40398.50849130282,40585.049126938255,39241.72233547475,40210.884000669415,1846543594.2794447,40210.884000669415
2024-09-15 01:50:27.900680,40463.44462609038,41593.96382793157,38685.66009890918,39989.11408373327,4982524437.995534,39989.11408373327
2024-09-16 01:50:27.900680,41340.02650975257,42318.377175881455,40071.027534024346,41370.60376871865,4924471631.471743,41370.60376871865
2024-09-17 01:50:27.900680,41800.4464788146,43475.368909786026,40330.621201553215,42450.2611718902,3598035718.829789,42450.2611718902
2024-09-18 01:50:27.900680,42889.72390814969,43833.14123058364,42018.115268989255,43542.538389426605,4217656238.7098937,43542.538389426605
2024-09-19 01:50:27.900680,45663.43727086021,45509.663825649426,44525.74451437062,45326.99261470925,3860400645.1348,45326.99261470925
2024-09-20 01:50:27.900680,45274.37397405005,47053.39757219647,45342.36126564891,45400.941092456495,3372632876.1578727,45400.941092456495
2024-09-21 01:50:27.900680,45830.054395432715,47537.14444935003,46030.99971328238,46385.709314397835,1213391987.9555907,46385.709314397835
2024-09-22 01:50:27.900680,45986.46644655374,47006.731970988854,43756.107173269884,46001.93313050302,2819057370.2106442,46001.93313050302
2024-09-23 01:50:27.900680,45687.422817167935,48193.99078047273,46262.12236915763,46497.958609417314,3699145208.669642,46497.958609417314
2024-09-24 01:50:27.900680,46515.12885857707,48137.688861913586,45860.531090428296,46363.11089070412,3710126455.5347385,46363.11089070412
2024-09-25 01:50:27.900680,46114.65420824372,46914.5568508123,46033.6230742902,46544.739884329036,2492490473.689534,46544.739884329036
2024-09-26 01:50:27.900680,47995.18996451475,48877.821933603234,46145.27231001588,47430.65306575947,4766767946.632122,47430.65306575947
2024-09-27 01:50:27.900680,45975.45422676511,46640.39421724894,44932.4412272435,46326.86768423895,1669428128.947124,46326.86768423895
2024-09-28 01:50:27.900680,49288.99872088984,51232.49233836273,47656.43134903931,49377.443302882835,3001437784.8622427,49377.443302882835
2024-09-29 01:50:27.900680,47020.54684770126,49532.696444667876,45717.060854863514,47957.40327648442,3763535906.203291,47957.40327648442
2024-09-30 01:50:27.900680,45496.594268916335,48502.22064876387,44502.040579983695,46288.22119004667,3788543223.567237,46288.22119004667
2024-10-01 01:50:27.900680,47766.34550272235,48138.04512576573,46165.51958219238,47972.64022031707,3594555827.075262,47972.64022031707
2024-10-02 01:50:27.900680,49135.31216789354,49315.05494334059,47906.25266628822,49174.77229728569,2101152853.8074408,49174.77229728569
2024-10-03 01:50:27.900680,50354.962190378785,50861.94856526173,49520.96625501023,50154.30375230488,1624826274.7464879,50154.30375230488
2024-10-04 01:50:27.900680,50733.49173698209,51829.272977327644,49813.84199627282,51159.83203618545,3543761307.3068433,51159.83203618545
2024-10-05 01:50:27.900680,51591.467935507266,51824.375297447885,48780.654778667624,51192.20582166382,3397208464.5577507,51192.20582166382
2024-10-06 01:50:27.900680,50601.02284128979,52142.78193270936,49777.19358786471,49882.47103935327,1717424041.1569638,49882.47103935327
2024-10-07 01:50:27.900680,50606.27831557167,50670.500945784566,49902.739621873065,50046.06073212757,3820556582.2822533,50046.06073212757
2024-10-08 01:50:27.900680,48184.723268019035,49756.186852814535,48561.465528813926,49088.70387408617,2820687966.9346256,49088.70387408617
2024-10-09 01:50:27.900680,50557.05550068829,52517.651679861476,50574.56782131017,50596.5067156474,3671042366.412612,50596.5067156474
2024-10-10 01:50:27.900680,49627.336795252864,51558.067792586546,49275.72442724894,50424.179661747934,4349468319.080603,50424.179661747934
2024-10-11 01:50:27.900680,48731.91227325274,51152.24082827333,49148.31592094107,49239.98020576908,1678913714.3076925,49239.98020576908
2024-10-12 01:50:27.900680,49766.5852037674,48975.84917557117,46560.02527269174,48816.30246962417,1076579471.9873466,48816.30246962417
2024-10-13 01:50:27.900680,48766.75625895704,50680.35768741888,47905.12344798222,49474.2468087863,4116410345.583147,49474.2468087863
2024-10-14 01:50:27.900680,48691.0899899604,48775.093348298906,46807.32017288623,48693.25556708618,3438789700.6104636,48693.25556708618
2024-10-15 01:50:27.900680,47779.1339078102,47703.35271093267,45642.29800049264,47554.3809955473,3798558278.488487,47554.3809955473
2024-10-16 01:50:27.900680,48339.571780804275,50124.473694240136,45891.25603247748,47951.23397384158,4352619899.954571,47951.23397384158
2024-10-17 01:50:27.900680,48468.6229071829,48689.90293203631,47440.378122126946,48353.25458804353,4211243739.298002,48353.25458804353
2024-10-18 01:50:27.900680,46736.30449060781,48940.148752814246,47149.863580541656,47671.09490900138,4843680587.715299,47671.09490900138
2024-10-19 01:50:27.900680,46722.616275899505,48016.296793692454,46057.174243123955,47049.210614225325,3143740315.408473,47049.210614225325
2024-10-20 01:50:27.900680,47458.88709039366,48248.93076130616,45402.51094461138,47425.28789892634,2953982530.6396217,47425.28789892634
2024-10-21 01:50:27.900680,44705.22212337544,47499.632191195524,45025.29167584356,45454.55593405216,2607548799.5629206,45454.55593405216
2024-10-22 01:50:27.900680,43358.21975241166,43666.43450708753,42824.87729577073,43618.83894562769,1614764171.3768182,43618.83894562769
2024-10-23 01:50:27.900680,41933.60023249868,44149.71274572415,41424.24790379437,42731.4770584033,3290428931.5280895,42731.4770584033
2024-10-24 01:50:27.900680,41784.767016287915,44548.47502702158,41808.71112736554,42501.20386449985,2108050097.303915,42501.20386449985
2024-10-25 01:50:27.900680,42765.34320979163,44145.14592136627,41353.324941389896,42942.39767637278,4685230048.851902,42942.39767637278
2024-10-26 01:50:27.900680,44270.562751015685,47035.2580013522,43459.60846075381,44930.655629951594,3332763217.1083903,44930.655629951594
2024-10-27 01:50:27.900680,46272.51216289545,46268.41700534849,45957.44510348221,46147.837599020466,3371360722.0324407,46147.837599020466
2024-10-28 01:50:27.900680,46321.30347334761,46935.55039037373,44342.015325454406,45972.893360479844,2419698643.5080404,45972.893360479844
2024-10-29 01:50:27.900680,46545.63466891983,46590.91081996512,44773.811557981884,45992.64359209391,1207957407.91083,45992.64359209391
2024-10-30 01:50:27.900680,44138.79417927879,46307.07863578517,44429.22599554266,44674.62114887664,1126975061.4919546,44674.62114887664
2024-10-31 01:50:27.900680,44100.02033440319,46887.41672602539,44041.325933509375,44694.48816609286,2693340576.61279,44694.48816609286
2024-11-01 01:50:27.900680,43651.89579193878,44922.34659079028,42273.72099121127,44353.4469648152,1338261512.3889513,44353.4469648152
2024-11-02 01:50:27.900680,45074.39548916704,46296.074325532645,42918.44055623369,44829.750129282365,3427387822.1605563,44829.750129282365
2024-11-03 01:50:27.900680,44136.193759524,44208.24039259263,41603.08785844558,43774.657590416144,4523892022.55863,43774.657590416144
2024-11-04 01:50:27.900680,43672.61052981665,45764.55295851317,43685.19001505756,44506.50915108923,4531659266.074888,44506.50915108923
2024-11-05 01:50:27.900680,47461.34696916956,47729.482612323955,45359.189452569175,46647.419935901074,3636181640.5289297,46647.419935901074
2024-11-06 01:50:27.900680,45707.89944345037,48803.93816751292,44527.35692300336,46541.98528030831,1844927325.891724,46541.98528030831
2024-11-07 01:50:27.900680,47231.29283634158,48588.108893662225,47054.22486211277,47153.40232781694,4451987325.435488,47153.40232781694
2024-11-08 01:50:27.900680,48590.99061042417,49030.123132211374,47054.78371252737,48188.02209321934,4544373741.252832,48188.02209321934
2024-11-09 01:50:27.900680,48366.31591842494,47930.998733253466,45852.57885658726,47659.11353496174,1786614339.8118348,47659.11353496174
2024-11-10 01:50:27.900680,48439.890826261115,48391.80767403695,46829.33346820599,48028.599009597776,3949704343.082709,48028.599009597776
2024-11-11 01:50:27.900680,48675.279354339254,48636.64590236854,47324.387001267,48094.81707586355,2146078195.7084918,48094.81707586355
2024-11-12 01:50:27.900680,47974.13440757798,48890.10168118508,46054.062043456644,48284.215266146035,4210561249.411719,48284.215266146035
2024-11-13 01:50:27.900680,47819.27398991305,49233.073784250606,45511.98451227362,47224.57470577795,4988951599.61441,47224.57470577795
2024-11-14 01:50:27.900680,46512.06142690811,48634.0718563405,46850.00463536014,47306.59490159914,1120104021.3175712,47306.59490159914
2024-11-15 01:50:27.900680,48825.80291033892,49324.585271787124,46768.095165434825,48066.70153561292,4589463463.163728,48066.70153561292
2024-11-16 01:50:27.900680,50351.37135106104,50544.08932295626,49116.34567209055,50255.69982426481,3490522134.3946323,50255.69982426481
2024-11-17 01:50:27.900680,52431.84512860462,54001.399739648026,50306.43516432964,51774.72493807373,4893530476.659285,51774.72493807373
2024-11-18 01:50:27.900680,55179.33286634897,57282.80711865492,52641.88691940757,55284.775784325684,2860038070.1057105,55284.775784325684
2024-11-19 01:50:27.900680,54391.2785644145,54263.66492281814,51824.846080338015,54080.68734665941,4389551722.285495,54080.68734665941
2024-11-20 01:50:27.900680,55628.869923087805,57536.90815153786,54029.6142968065,55570.1818962572,1249576274.3931088,55570.1818962572
2024-11-21 01:50:27.900680,56450.71506816269,57452.65381513119,53720.96427299304,55932.57909840501,2341116200.313183,55932.57909840501
2024-11-22 01:50:27.900680,58789.58416445931,60034.47916413412,56950.06526495905,59790.16058682344,1268066151.00484,59790.16058682344
2024-11-23 01:50:27.900680,57388.83511139067,59754.744056644544,57959.467289192056,58416.13641687067,4901372533.916283,58416.13641687067
2024-11-24 01:50:27.900680,56443.103956450745,58401.77692301575,56966.289975078864,57019.90998978875,4267895629.087347,57019.90998978875
2024-11-25 01:50:27.900680,55296.35174775044,56524.450101565126,55479.967531429094,56059.7858405963,4410189684.983882,56059.7858405963
2024-11-26 01:50:27.900680,53434.879253298895,55141.51421516202,52266.950273115304,52651.87517567568,4751860925.735577,52651.87517567568
2024-11-27 01:50:27.900680,51297.099660980704,54084.61132233133,49913.481221176175,51879.78437260908,1340413944.4791415,51879.78437260908
2024-11-28 01:50:27.900680,51728.60630234036,52460.42226660766,50662.43108898667,50762.36447997056,2542390370.0533333,50762.36447997056
2024-11-29 01:50:27.900680,50709.917006617194,52222.77566219651,48993.36643236826,51042.92967180933,1284139556.1760085,51042.92967180933
2024-11-30 01:50:27.900680,50964.173309333084,52683.32118845237,51495.18216475463,51620.54314323925,1843172406.2001145,51620.54314323925
2024-12-01 01:50:27.900680,55297.41462803362,56443.21154931186,54649.811888760436,54663.971787184586,1917463108.1506896,54663.971787184586
2024-12-02 01:50:27.900680,56658.71425635634,57836.72217734699,55489.777133885065,56301.29611776964,2876428844.190315,56301.29611776964
2024-12-03 01:50:27.900680,55386.63243742325,55563.09738203084,55338.407024696025,55390.63005352148,2074248669.8145704,55390.63005352148
2024-12-04 01:50:27.900680,54091.12369737085,55354.630749099706,52809.96994741126,53971.60131742195,1403912427.2710443,53971.60131742195
2024-12-05 01:50:27.900680,55309.54162915569,57039.50590596342,52798.877090788876,54828.79882107124,1669964356.376431,54828.79882107124
2024-12-06 01:50:27.900680,52179.37778081668,53963.66341166734,51267.37405608932,52752.363953421365,1589102254.2083635,52752.363953421365
2024-12-07 01:50:27.900680,56895.2124329204,55932.56725318702,54653.92668834319,55787.64050965156,4892307191.649193,55787.64050965156
2024-12-08 01:50:27.900680,58953.51117882514,60129.24601554883,55173.41789218118,57854.74959854108,4037170027.6738944,57854.74959854108
2024-12-09 01:50:27.900680,57446.57032148238,57678.13305745321,56024.9366291025,57103.20716907031,4871045861.078248,57103.20716907031
2024-12-10 01:50:27.900680,53644.29580927556,54998.966626292975,54245.75255910739,54296.85176947232,2758961946.0316343,54296.85176947232
2024-12-11 01:50:27.900680,57012.22315502525,57070.309659672974,54311.992784819384,56604.15644977529,2113473926.6506264,56604.15644977529
2024-12-12 01:50:27.900680,55500.16843767446,57398.72872252856,55880.85488370909,56466.42550447743,4193172788.8367467,56466.42550447743
2024-12-13 01:50:27.900680,57560.0266631573,60880.93101072909,58391.189618496304,58661.32857450641,2305015672.164587,58661.32857450641
2024-12-14 01:50:27.900680,55434.82009979419,57431.08456484998,55819.81939205472,55977.39129044128,2197533494.821393,55977.39129044128
2024-12-15 01:50:27.900680,54952.56898576492,55598.631100943625,54925.15403265077,55034.850585411965,1930023968.8313248,55034.850585411965
2024-12-16 01:50:27.900680,55910.23157558081,57516.93942779549,53780.23517671436,55098.57989311358,1518715912.8969414,55098.57989311358
2024-12-17 01:50:27.900680,55733.37095099033,57660.52651435892,55168.82954440422,55231.4954532338,2025852244.0670638,55231.4954532338
2024-12-18 01:50:27.900680,55074.83158225157,56919.58936823132,53883.41238598798,54545.29166275931,2421278993.8955507,54545.29166275931
2024-12-19 01:50:27.900680,55463.889965125345,56293.889103454996,53297.88370820953,55629.681247343586,3695976832.5829215,55629.681247343586
2024-12-20 01:50:27.900680,53597.724500362456,55146.842551366804,52519.5331922855,53930.07399041349,1250259368.8778062,53930.07399041349
2024-12-21 01:50:27.900680,53476.64927928505,56401.28980263197,52996.895841737125,53753.93624378285,1842027758.6613717,53753.93624378285
2024-12-22 01:50:27.900680,55055.61988375125,56086.773530080776,51969.98695147656,54002.25288141578,4236094561.1667056,54002.25288141578
2024-12-23 01:50:27.900680,53887.1472859777,54971.58305871411,53910.55490665233,54897.01254552166,1587687694.335083,54897.01254552166
2024-12-24 01:50:27.900680,56961.8594011227,56320.709173088064,55201.873520200046,56137.68742494542,2370580586.090086,56137.68742494542
2024-12-25 01:50:27.900680,54500.51707185054,55589.800058673965,52055.0341832047,54329.54111805001,4458635687.43256,54329.54111805001
2024-12-26 01:50:27.900680,51810.160909230326,54298.827598435935,50808.26467319655,51937.68783707596,1619701244.5737705,51937.68783707596
2024-12-27 01:50:27.900680,54507.86208307221,55476.178877895436,53404.26683295992,54021.11528141985,1330947342.4727597,54021.11528141985
2024-12-28 01:50:27.900680,54587.83357676258,55976.40788470674,53248.51793778432,54616.9576512287,2938151980.3200436,54616.9576512287
2024-12-29 01:50:27.900680,54256.14675758829,53739.57237954025,50817.12108745175,53457.653553973396,2209678045.1141453,53457.653553973396
2024-12-30 01:50:27.900680,56958.63818840271,57901.06068827843,53282.43242383441,56060.102682737284,3253633457.9354167,56060.102682737284
2024-12-31 01:50:27.900680,56134.94595539304,58625.94917840961,54500.94113028381,56311.26570282503,4215219561.9339004,56311.26570282503
2025-01-01 01:50:27.900680,57876.218167896695,59508.305722227306,58182.02215989001,58397.52635157288,1548593952.6109726,58397.52635157288
2025-01-02 01:50:27.900680,58790.85369607608,60846.031797506694,56315.48602038546,58574.47880149596,3322796338.2171397,58574.47880149596
2025-01-03 01:50:27.900680,63401.11834233434,65380.14820000675,61232.03688714106,62372.31606527284,3022035041.559456,62372.31606527284
2025-01-04 01:50:27.900680,65048.994181401016,66481.15481436363,63250.86980183698,65810.65461121353,1576315144.0527983,65810.65461121353
2025-01-05 01:50:27.900680,65707.91770147881,67097.23401301766,63168.62985272908,65386.30448251654,3495993942.1159296,65386.30448251654
2025-01-06 01:50:27.900680,67742.14853057472,68355.00366776306,66875.52441530889,67387.52781096268,2094561671.4430866,67387.52781096268
2025-01-07 01:50:27.900680,69414.96983236501,71500.06426792426,67841.32820955997,68773.68814016502,2951337274.17605,68773.68814016502
2025-01-08 01:50:27.900680,70670.85218963143,73799.40640443927,68483.67088728932,71727.92764658568,1329089297.1082475,71727.92764658568
2025-01-09 01:50:27.900680,70353.21075299868,71964.18953451542,67758.61834057306,69751.05003657143,2838336228.854492,69751.05003657143
2025-01-10 01:50:27.900680,72438.86144426992,74116.22328166706,67813.05972527042,71272.7465964653,2225853872.1712813,71272.7465964653
2025-01-11 01:50:27.900680,72702.17396833844,75103.8509598837,71734.2610442282,73645.77337523451,4289524844.7414174,73645.77337523451
2025-01-12 01:50:27.900680,69196.53617762135,73130.33107043535,68750.37612667588,69930.68720359106,1227914907.989473,69930.68720359106
2025-01-13 01:50:27.900680,68833.2594207671,69359.92794540092,64581.702629952764,67559.37313860444,2674429099.67332,67559.37313860444
2025-01-14 01:50:27.900680,62801.99284398635,64116.16814028343,61351.92785434206,63613.76310621682,2833725696.525752,63613.76310621682
2025-01-15 01:50:27.900680,64060.21594392341,65362.646430846245,61263.05166239145,63164.828991135524,3900024305.196475,63164.828991135524
2025-01-16 01:50:27.900680,64583.88859699841,67166.23042217543,64343.91354752637,64603.8438032327,3297150300.360844,64603.8438032327
2025-01-17 01:50:27.900680,66965.82430715677,68721.25859588168,67627.0003028654,67649.815150857,3668849348.7767243,67649.815150857
2025-01-18 01:50:27.900680,68874.67663324256,70776.95192285742,64627.18447087168,67868.19161954298,4108197142.6070247,67868.19161954298
2025-01-19 01:50:27.900680,71181.69875721497,74569.88279575572,70485.31270563905,71337.77080452825,4448811894.632755,71337.77080452825
2025-01-20 01:50:27.900680,68553.56474667777,69461.5347860658,66360.70539968721,68512.95751706576,2255501986.889882,68512.95751706576
2025-01-21 01:50:27.900680,64798.00642602339,68369.4836353692,63185.40738440864,65164.92832174973,3152090821.4556117,65164.92832174973
2025-01-22 01:50:27.900680,65363.638873334414,65579.6822564663,64321.38300367416,65121.51486320374,4360432313.7568,65121.51486320374
2025-01-23 01:50:27.900680,65054.57340696736,66608.15776256753,65673.13440161041,65942.09098327531,4957804523.860226,65942.09098327531
2025-01-24 01:50:27.900680,65656.05633208559,66550.7744768508,65781.55763085608,65943.35428475455,4558077244.175053,65943.35428475455
2025-01-25 01:50:27.900680,63204.483027601906,64812.73504134764,60727.839759255156,62039.59697587429,2485869050.497507,62039.59697587429
2025-01-26 01:50:27.900680,61336.64577041739,63962.06267751292,59944.99175949847,61935.854269008116,1780666068.8746016,61935.854269008116
2025-01-27 01:50:27.900680,59992.22983724982,60071.86504278165,58985.15418078512,59618.45393266921,2957570149.626355,59618.45393266921
2025-01-28 01:50:27.900680,60463.40908472662,62229.716744946134,58608.87514433509,60889.17036315038,3966565807.344169,60889.17036315038
2025-01-29 01:50:27.900680,62298.2171053673,63519.975354730646,60280.937905355524,61624.115525747366,2970276283.0131903,61624.115525747366
2025-01-30 01:50:27.900680,59085.2752833505,60221.01674357908,58047.420142758456,59970.746569152856,2932723453.254674,59970.746569152856
2025-01-31 01:50:27.900680,60223.29975891002,61720.49748696449,58097.541366066755,59112.40959675567,4352921684.327202,59112.40959675567
2025-02-01 01:50:27.900680,57214.89944028139,59624.014335668486,55143.803267158095,57320.85235530617,2445615116.2687454,57320.85235530617
2025-02-02 01:50:27.900680,56665.750900009654,58717.08081017397,54955.52063014483,57270.41083617631,4439178699.246582,57270.41083617631
2025-02-03 01:50:27.900680,57987.70695115788,61846.895777336606,58752.984110143465,58994.15490945385,2627219203.8068943,58994.15490945385
2025-02-04 01:50:27.900680,56575.09555805601,58530.00173979297,54757.64967231553,57332.43894783901,2312932422.713358,57332.43894783901
2025-02-05 01:50:27.900680,58310.292938980165,61131.12883647339,56824.95982947739,58264.208400597345,2815959644.7987957,58264.208400597345
2025-02-06 01:50:27.900680,57027.80951236952,59319.062989205806,55165.83076598097,57402.063674176716,4049787834.699474,57402.063674176716
2025-02-07 01:50:27.900680,56847.01003794587,57889.41364172061,53412.650841270544,56108.87895922547,1504008111.4559772,56108.87895922547
2025-02-08 01:50:27.900680,55830.19388475456,56449.51320961904,53286.54166495086,55984.96426547826,1785676863.4880695,55984.96426547826
2025-02-09 01:50:27.900680,53781.180652077535,56722.88248812896,52086.8505940697,54327.247124557776,4805779302.652369,54327.247124557776
2025-02-10 01:50:27.900680,53736.435150928366,54629.04300511919,53129.51658034159,53485.81136469545,1701966509.5254295,53485.81136469545
2025-02-11 01:50:27.900680,52076.674620243524,52068.44074393312,49796.49732598426,51649.47721416618,3270909271.7242184,51649.47721416618
2025-02-12 01:50:27.900680,54109.729893366166,54874.67809329152,54704.266982996385,54840.10820530796,3317257866.6477513,54840.10820530796
2025-02-13 01:50:27.900680,54222.46631182516,56491.09517626869,53803.52304182826,54953.0802267507,2958497848.200979,54953.0802267507
2025-02-14 01:50:27.900680,52867.08511478992,55285.80894925461,52348.0303641504,53865.37989904216,3578980994.3072743,53865.37989904216
2025-02-15 01:50:27.900680,54779.66334192428,56218.35550379217,53127.15903042792,54266.514803914884,1919306903.1904736,54266.514803914884
2025-02-16 01:50:27.900680,54492.786429868844,56547.90640353999,52829.81334136584,54138.064029679226,3210649071.1069927,54138.064029679226
2025-02-17 01:50:27.900680,53779.54319100366,54047.91161083138,53184.86818818781,53834.17222316507,2488693020.987589,53834.17222316507
2025-02-18 01:50:27.900680,55645.786141429635,56897.72044502837,52920.929811086215,54890.12379934975,3646669038.516756,54890.12379934975
2025-02-19 01:50:27.900680,56895.22006641977,56734.67834426264,54389.78963664435,56207.976041080175,1564894173.4925978,56207.976041080175
2025-02-20 01:50:27.900680,55564.915970041075,57751.96746332609,55082.62222265182,55375.853140132924,3283509667.357905,55375.853140132924
2025-02-21 01:50:27.900680,55284.495236161325,56713.13808331651,54336.07240546526,54481.93003067215,1741081421.5332947,54481.93003067215
2025-02-22 01:50:27.900680,53451.85882443776,55550.81076774566,53797.71351402875,54088.28055075787,2114572252.4601455,54088.28055075787
2025-02-23 01:50:27.900680,49745.24792058658,52324.04554605959,49062.87633589222,50529.630246090375,1874839201.294333,50529.630246090375
2025-02-24 01:50:27.900680,47887.354897065954,49092.16426439808,47801.72376044859,48332.49795427904,1731351119.4752684,48332.49795427904
2025-02-25 01:50:27.900680,49512.989829488266,51593.493861746065,49086.217897600254,50406.00918957408,4302843806.242668,50406.00918957408
2025-02-26 01:50:27.900680,53074.969549366724,55186.58162764474,51677.13661873689,53008.87907973556,2142830270.6435614,53008.87907973556
2025-02-27 01:50:27.900680,53586.749612688305,53876.36692975729,50572.60768422609,52666.961799978235,4708495127.457798,52666.961799978235
2025-02-28 01:50:27.900680,52651.08891459349,54599.06887874959,52542.885969258845,53639.46352857404,4879706101.380764,53639.46352857404
2025-03-01 01:50:27.900680,53377.6197906134,55536.075286491476,51991.39466407977,54196.83769692035,3285041879.7483892,54196.83769692035
2025-03-02 01:50:27.900680,59386.986315811795,61964.82682421816,57512.13384767316,59500.754070308954,1572004490.6629057,59500.754070308954
2025-03-03 01:50:27.900680,62663.70146479333,62627.077344031044,61148.256226751044,61594.724969758114,2498192973.518325,61594.724969758114
2025-03-04 01:50:27.900680,60968.5268389561,61953.81951634804,58985.11800226453,61420.19596130078,4190929053.392856,61420.19596130078
2025-03-05 01:50:27.900680,59761.512064230774,61871.15874765101,56969.57623750685,59744.222543417236,2469562914.788282,59744.222543417236
2025-03-06 01:50:27.900680,55945.15348428441,59343.82008958366,54337.31584201874,56990.1874317451,1348068873.211155,56990.1874317451
2025-03-07 01:50:27.900680,56589.127447508836,57685.293833661315,57226.54396249725,57396.48197256927,3227139643.712752,57396.48197256927
2025-03-08 01:50:27.900680,57258.188931308745,56838.55271877071,54780.238232568154,56164.92711577576,4380483405.9841385,56164.92711577576
2025-03-09 01:50:27.900680,54875.04408364679,54255.17617086563,52281.92511957981,53872.75505938128,4183705548.5740094,53872.75505938128
2025-03-10 01:50:27.900680,51843.346057815725,53810.852474315485,52390.570777955814,52890.70907554908,1700492560.5214128,52890.70907554908
2025-03-11 01:50:27.900680,52179.63877849079,52407.46395428443,50832.64015335113,51253.36382572882,3691058457.649867,51253.36382572882
2025-03-12 01:50:27.900680,54268.55012551396,55988.869384568214,52166.20454056213,53968.22786532847,1882017053.7425885,53968.22786532847
2025-03-13 01:50:27.900680,56286.469901756005,57276.09295124252,54620.3785416703,55470.13086398482,1872830138.208689,55470.13086398482
2025-03-14 01:50:27.900680,55411.84987104886,57235.809939968705,54877.074234793,55512.34974959968,4496287093.220741,55512.34974959968
2025-03-15 01:50:27.900680,58126.8379941095,59114.082269187355,57087.5212707832,58090.598688616155,1998675810.9609206,58090.598688616155
2025-03-16 01:50:27.900680,58257.838567075734,60735.98090813241,55811.426239017484,58283.84113285148,2052989386.0720448,58283.84113285148
2025-03-17 01:50:27.900680,57233.46360294492,58193.71540543671,56501.16058339345,56853.98766533247,1002613563.0451982,56853.98766533247
2025-03-18 01:50:27.900680,58713.00448380714,62488.013200581234,58198.82220648677,59571.66750937017,4482676136.50207,59571.66750937017
2025-03-19 01:50:27.900680,59463.777267731595,62524.732636121706,58428.95841957944,60603.18109380427,4170379252.836539,60603.18109380427
2025-03-20 01:50:27.900680,58353.394582760986,59176.43424435067,57115.205089352516,58805.18318149742,3509315740.362712,58805.18318149742
2025-03-21 01:50:27.900680,59008.041839168014,60507.647475384234,55712.35964031816,58528.85263122164,4001063055.755369,58528.85263122164
2025-03-22 01:50:27.900680,56387.85209503881,57996.101449420996,54579.87829594608,57068.44245951985,1608194269.697967,57068.44245951985
2025-03-23 01:50:27.900680,55184.418809285584,56684.90712735624,54161.77416230254,54804.225601185535,2833294378.3503017,54804.225601185535
2025-03-24 01:50:27.900680,57464.917881390225,56601.11224571294,53584.50523701102,56404.707815012815,2404877549.3951235,56404.707815012815
2025-03-25 01:50:27.900680,58818.579040771314,60312.60921985848,58045.63218136233,59789.80288699127,1375106105.028066,59789.80288699127
2025-03-26 01:50:27.900680,57786.68926276448,59846.018434348065,56020.29262634153,57390.46065973306,2944521940.8596964,57390.46065973306
2025-03-27 01:50:27.900680,58294.90226102245,59090.02480209807,55664.64752530501,58426.36106088271,4682958601.370542,58426.36106088271
2025-03-28 01:50:27.900680,58198.88630650887,59754.70016940254,57277.100424906814,57354.30458695307,1160236476.2027779,57354.30458695307
2025-03-29 01:50:27.900680,55848.12865227218,57368.842716150204,54389.54306645162,56578.78759174443,2165843653.975176,56578.78759174443
2025-03-30 01:50:27.900680,56066.46296099644,57426.19766064212,53702.13016691113,55637.77181001062,1830163744.822814,55637.77181001062
2025-03-31 01:50:27.900680,55002.38604810074,56151.94963054021,52379.72942008724,54268.42665619646,1952586614.6627853,54268.42665619646
2025-04-01 01:50:27.900680,55369.368139216596,55796.32308152056,52308.51657108121,54401.8546141286,4633738207.517501,54401.8546141286
2025-04-02 01:50:27.900680,53504.8834821043,53926.387920858164,50463.68729407458,53115.55068472452,2872276216.9371605,53115.55068472452
2025-04-03 01:50:27.900680,53595.785213455216,54171.74924862508,52876.46183863079,53601.842727666764,2865197651.7592754,53601.842727666764
2025-04-04 01:50:27.900680,53827.21086541794,53663.57123397328,53485.85374161567,53574.66580502496,4042302569.8211293,53574.66580502496
2025-04-05 01:50:27.900680,54030.90772100125,54054.39528473872,51180.077925728576,53245.21077482316,1617968816.0197034,53245.21077482316
2025-04-06 01:50:27.900680,52013.39912936267,53560.78344143718,50993.07176921985,51866.90676354213,2949061416.400203,51866.90676354213
2025-04-07 01:50:27.900680,50069.62939500386,53422.16777236492,50369.641041531686,51028.16893304114,2719940856.4842386,51028.16893304114
2025-04-08 01:50:27.900680,53150.66460646513,54526.003072670675,51853.99357893773,52249.982140713,3387642762.1866245,52249.982140713
2025-04-09 01:50:27.900680,53496.677159918,55127.845106635425,51561.4154852514,53094.16656441075,4998230813.001755,53094.16656441075
2025-04-10 01:50:27.900680,51975.69127933855,53645.92709549456,49812.456264533146,51611.28795210851,4077795576.3281884,51611.28795210851
2025-04-11 01:50:27.900680,51227.792934657315,53539.98834270104,50069.04582934442,51817.108594834,2591462812.069709,51817.108594834
2025-04-12 01:50:27.900680,53388.60312094716,53741.86862504974,52289.14641665665,53051.43900761739,4310212209.096188,53051.43900761739
2025-04-13 01:50:27.900680,50295.990921669625,52801.569612024454,50047.701709869645,50510.42909818962,1682833453.2499208,50510.42909818962
2025-04-14 01:50:27.900680,51702.78936368098,53115.413849246586,49288.982548869564,51391.9033421505,1121854745.2358406,51391.9033421505
2025-04-15 01:50:27.900680,49637.19819624482,51843.964407479725,48844.59405277013,50430.791185828304,1817793489.8570924,50430.791185828304
2025-04-16 01:50:27.900680,51677.053751218366,51637.80280105004,51101.03930049025,51352.82168000612,2361646224.457039,51352.82168000612
2025-04-17 01:50:27.900680,51244.16439160374,51363.54735835216,49754.94092201302,50240.53194193095,3042323029.8382397,50240.53194193095
2025-04-18 01:50:27.900680,46779.20864299462,48736.71486561969,47604.07089137457,47640.138280683874,3460516562.164799,47640.138280683874
2025-04-19 01:50:27.900680,46282.155218871456,47378.53600675236,44857.269961328675,45415.31459122261,4642422868.857687,45415.31459122261
2025-04-20 01:50:27.900680,45356.85354090234,46770.72499068908,44145.09800906779,45526.3792804271,3039416038.201831,45526.3792804271
2025-04-21 01:50:27.900680,46609.521495269546,46801.95640074753,44988.32962415803,45928.39702859707,3005102578.5029173,45928.39702859707
2025-04-22 01:50:27.900680,45249.25478284217,46929.14475930739,43985.477746971905,44743.854185925156,1200972039.2919285,44743.854185925156
2025-04-23 01:50:27.900680,45777.3275242409,45907.68969889351,43551.290242686984,45654.94258234371,1139646210.6248953,45654.94258234371
2025-04-24 01:50:27.900680,43893.18371986837,44397.07560673041,42488.258124824504,43478.48728338172,3204639847.6654882,43478.48728338172
2025-04-25 01:50:27.900680,44093.44023058092,43527.06401305684,42804.50120478983,43435.79525373934,2752714452.9933777,43435.79525373934
2025-04-26 01:50:27.900680,41767.21214827345,43479.11452467549,40182.35346003602,41927.98025632116,4356721579.921194,41927.98025632116
2025-04-27 01:50:27.900680,40872.42330583834,43046.44830202003,40705.74741805976,41157.17637288643,1642718338.8473806,41157.17637288643
2025-04-28 01:50:27.900680,41533.55408912037,41834.65292312273,40398.36435627831,41256.97822278121,1099886648.4681983,41256.97822278121
2025-04-29 01:50:27.900680,40741.47052969273,41973.12538338399,40149.74534719029,40245.88918309934,2796155071.720504,40245.88918309934
2025-04-30 01:50:27.900680,40241.868264060395,40405.9237148972,37917.32643468083,39824.057928020295,1949914227.0090299,39824.057928020295
2025-05-01 01:50:27.900680,41575.12927817555,42956.67527062091,39576.464782324176,41085.6940596241,1198457493.3553498,41085.6940596241
2025-05-02 01:50:27.900680,40317.000784338685,41944.953110861476,39615.87007754728,40421.15265094726,3898393147.390516,40421.15265094726
2025-05-03 01:50:27.900680,42016.28259722938,43158.55155109941,40029.57497780501,41488.81993467087,1446371999.82899,41488.81993467087
2025-05-04 01:50:27.900680,39536.51096759423,40182.545462699214,39573.15844829219,40146.400543022406,3433278000.031087,40146.400543022406
2025-05-05 01:50:27.900680,40903.06069412082,42795.997005612575,40338.40484653036,40830.40038681723,2124199000.6675565,40830.40038681723
2025-05-06 01:50:27.900680,41833.86933144599,44228.21886329824,40762.46770268191,42677.59051149045,1693984201.420088,42677.59051149045
2025-05-07 01:50:27.900680,39388.87186462316,40271.63054297189,38702.99782352063,39667.19941927567,2519006091.67727,39667.19941927567
2025-05-08 01:50:27.900680,38561.79123289322,40376.61165861072,37816.888609939655,38768.87668438091,4205783104.8918147,38768.87668438091
2025-05-09 01:50:27.900680,39321.372511659385,40041.157130086205,38240.150096708276,39485.358852880876,2568374307.618291,39485.358852880876
2025-05-10 01:50:27.900680,39591.99139790366,40999.135067003226,39153.08372830924,39284.83551536529,4003078596.844223,39284.83551536529
2025-05-11 01:50:27.900680,39587.17946075611,39988.27122158005,39421.480733753015,39764.43643267499,1501945187.1966028,39764.43643267499
2025-05-12 01:50:27.900680,39009.25931972072,40464.8168850663,38497.68450185588,39089.480906074976,4091085678.6603165,39089.480906074976
2025-05-13 01:50:27.900680,38818.51656745504,40290.95612241748,38670.012627201875,39230.36616133469,1947733299.6265945,39230.36616133469
2025-05-14 01:50:27.900680,38888.475721892035,39275.30261148696,38034.65677232696,39086.6421966782,3709572519.555491,39086.6421966782
2025-05-15 01:50:27.900680,40078.70243733455,41010.83802113542,40360.68395853712,40520.752029518066,3263126219.3639855,40520.752029518066
2025-05-16 01:50:27.900680,40174.29211398019,40897.41563076187,40247.940897455024,40872.066700857555,4716578868.846749,40872.066700857555
2025-05-17 01:50:27.900680,41500.45328988794,42298.13015990753,40769.381443781036,41329.434415666,2549290071.901256,41329.434415666
2025-05-18 01:50:27.900680,41137.68500056953,41478.265763972835,40580.155140455136,40862.73956938588,1264660755.3377619,40862.73956938588
2025-05-19 01:50:27.900680,40502.29648673473,41515.610511844534,38846.536656649274,40309.63201167094,1076621942.2050116,40309.63201167094
2025-05-20 01:50:27.900680,39771.57245096433,40421.67848215387,39445.51762827818,39829.73335101021,4307434243.891012,39829.73335101021
2025-05-21 01:50:27.900680,40150.18706799417,40949.184460094446,38720.81676230917,40344.184856266205,3098942550.6457286,40344.184856266205
2025-05-22 01:50:27.900680,40457.275099499035,41359.56087624296,38572.40495617301,39877.718420683654,4100976207.339797,39877.718420683654
2025-05-23 01:50:27.900680,40296.87644214253,40363.06876157037,38928.52224257144,40266.14244700501,1937702400.0460587,40266.14244700501
2025-05-24 01:50:27.900680,42860.04029522515,44832.27904389039,42849.7023445946,42895.76066301109,2380334982.0529346,42895.76066301109
2025-05-25 01:50:27.900680,43239.31294921915,45953.820543477086,43759.457183716775,44075.617707785976,1120415488.8452759,44075.617707785976
2025-05-26 01:50:27.900680,43412.859657409266,45149.126080827176,43037.49796622689,43690.29683880198,4845969298.296449,43690.29683880198
2025-05-27 01:50:27.900680,45121.4958919155,46683.56394349013,44720.02171260711,45338.767209939455,3671471626.8032537,45338.767209939455
2025-05-28 01:50:27.900680,44650.47266320009,46832.09271444964,43850.255704264804,44831.91138805288,4732820351.037225,44831.91138805288
2025-05-29 01:50:27.900680,42350.41503690043,42606.22186795646,42103.357389961304,42215.03585922639,2061985629.7162893,42215.03585922639
2025-05-30 01:50:27.900680,41053.53996434961,41160.31449150748,39965.80378177567,40998.43389272525,3445854444.902643,40998.43389272525
2025-05-31 01:50:27.900680,38967.07373083253,39264.25174422297,37597.82326279018,38799.606724275254,3713999873.1705513,38799.606724275254
2025-06-01 01:50:27.900680,38838.20003942184,39957.833099951866,36822.74088077611,38431.01078022874,2270198801.0303535,38431.01078022874
2025-06-02 01:50:27.900680,38972.605138103536,38557.44742228292,38079.268286764076,38490.72324022124,4392436940.062521,38490.72324022124
2025-06-03 01:50:27.900680,40870.047413894536,41697.209617769186,39978.57298661917,40516.54368800284,4788645851.600991,40516.54368800284
2025-06-04 01:50:27.900680,41703.08611907266,42995.31161209572,39696.071331598185,40956.814144919335,4539420470.784018,40956.814144919335
2025-06-05 01:50:27.900680,39944.31603575146,42471.78671569738,38744.041592614376,40729.196018776835,3956267903.75749,40729.196018776835
2025-06-06 01:50:27.900680,41288.49220409944,42886.86262688892,41460.64394982263,41797.11632088985,2109858718.899816,41797.11632088985
2025-06-07 01:50:27.900680,38382.40779052276,39278.22459700319,37218.306928329315,39153.63594732489,2126464168.4225268,39153.63594732489
2025-06-08 01:50:27.900680,39703.66039156581,41111.572280431334,38886.06179149613,39470.82246116949,4853441281.784151,39470.82246116949
2025-06-09 01:50:27.900680,41078.44336652234,41645.648981794344,40374.54174427548,40434.67394780008,1041137983.7427682,40434.67394780008
2025-06-10 01:50:27.900680,38321.702608435604,38941.49129165745,37630.32765015521,38718.98683167374,3864199892.968578,38718.98683167374
2025-06-11 01:50:27.900680,40795.829258044585,40298.91735324931,38576.39638584178,40110.683361612784,3824984650.221049,40110.683361612784
2025-06-12 01:50:27.900680,39847.18546965801,42405.36985688748,39962.08781624083,40560.61853525714,3490758163.7991896,40560.61853525714
2025-06-13 01:50:27.900680,40795.311136372526,41440.19818140901,39731.85740834117,40098.50178452757,4960435384.347464,40098.50178452757
2025-06-14 01:50:27.900680,40665.07648381932,42604.086232995716,39980.14001903985,40907.86846757827,2247517743.054901,40907.86846757827
2025-06-15 01:50:27.900680,43136.58974719149,45761.988374683075,43763.214691059715,43835.465894421126,2359887455.1729927,43835.465894421126
2025-06-16 01:50:27.900680,44094.44944575197,45380.6947747084,42027.39309043215,44119.38261623808,1315757611.7862222,44119.38261623808
2025-06-17 01:50:27.900680,44060.744823080844,45644.77354579361,43391.948631338695,44493.620466456545,2771192546.1749496,44493.620466456545
2025-06-18 01:50:27.900680,43550.564711055704,44873.976887394034,43310.17794763764,43928.57377494189,2044194104.9393923,43928.57377494189
2025-06-19 01:50:27.900680,42535.17564436014,43544.90619947825,42571.20096530146,42865.60090249516,2373546808.710577,42865.60090249516
2025-06-20 01:50:27.900680,44523.97906502055,44946.67586581801,42185.506725324325,43990.76541754069,4338287161.022511,43990.76541754069
2025-06-21 01:50:27.900680,42985.48264153708,44578.93145219897,42489.078236446556,42918.25329786442,4741938054.109983,42918.25329786442
2025-06-22 01:50:27.900680,42728.57445261658,44349.27563386656,42090.6522826819,43053.52923222791,1742932288.0207424,43053.52923222791
2025-06-23 01:50:27.900680,42670.93993701672,44379.31879617757,41201.62162576509,42483.44556592186,2490035726.2138634,42483.44556592186
2025-06-24 01:50:27.900680,43514.43590198496,44097.83638016689,41268.480965909424,43141.43390099871,4714522248.461576,43141.43390099871
2025-06-25 01:50:27.900680,43222.32263847028,44943.072763752585,43325.256065666064,43619.039546628606,1247233842.7568905,43619.039546628606
2025-06-26 01:50:27.900680,44887.34522345339,46464.90855101518,43145.15429592728,45043.10590246767,1369442112.4455142,45043.10590246767
2025-06-27 01:50:27.900680,43731.96719251963,45717.22396319451,42871.1576944327,44403.55120109397,1651163956.8249173,44403.55120109397
2025-06-28 01:50:27.900680,43527.24845930957,45638.50893050976,42524.488667955484,44089.56795617199,3380851336.507499,44089.56795617199
2025-06-29 01:50:27.900680,43167.11100604351,43365.40687317029,42581.08895500746,42856.62699367264,1601889084.02399,42856.62699367264
2025-06-30 01:50:27.900680,41792.09234450313,43415.95641220358,41638.751387676035,42331.500048502065,4872305525.802935,42331.500048502065
2025-07-01 01:50:27.900680,42899.34401677671,43079.54171885561,42420.5345150173,42856.20772887284,2786858109.0340815,42856.20772887284
2025-07-02 01:50:27.900680,44251.41056292412,44728.15881842068,42239.81490978339,43884.45530971527,3006071841.4006653,43884.45530971527
2025-07-03 01:50:27.900680,42057.81978914869,43771.63608394741,41928.2900490383,42729.74169029491,1986634463.2216258,42729.74169029491
2025-07-04 01:50:27.900680,44021.24034755889,45334.763050964444,42962.94943772875,43903.031926462536,2883841009.738934,43903.031926462536
2025-07-05 01:50:27.900680,45325.387674472506,47946.42486525398,45388.506340922635,45771.083076517345,3647654530.548046,45771.083076517345
2025-07-06 01:50:27.900680,47247.66743872767,47781.85533141237,46170.85979786855,46388.68468482655,4004708547.816171,46388.68468482655
2025-07-07 01:50:27.900680,49092.243485134895,50951.0128030707,46698.20702198163,49124.57601027117,4015472330.839652,49124.57601027117
2025-07-08 01:50:27.900680,48633.43055037564,49261.55654092522,47262.277872437866,48045.3695450959,3311564450.7763534,48045.3695450959
2025-07-09 01:50:27.900680,46423.84223192889,47799.68698774928,44134.302432281365,46330.76087535937,4617439099.97543,46330.76087535937
2025-07-10 01:50:27.900680,43164.23157729798,44123.16161157917,42975.455295881664,43967.226969269825,4269631389.2244377,43967.226969269825
2025-07-11 01:50:27.900680,46276.661645558066,46616.996612164054,44391.928831718695,46031.49536839998,4028192458.794502,46031.49536839998
2025-07-12 01:50:27.900680,47839.51021309831,47841.22637132841,45362.26961123864,46991.03382421838,1222422086.7218425,46991.03382421838
2025-07-13 01:50:27.900680,47150.54221665131,48069.08263160891,45440.43294272466,46959.675891020575,1027511848.8785973,46959.675891020575
2025-07-14 01:50:27.900680,48008.35550611348,47511.32810117912,46505.53719420772,47403.13342249816,1849789108.7818918,47403.13342249816
2025-07-15 01:50:27.900680,46580.17512167214,46196.33524753206,44347.62588069965,45875.15389630954,3654094375.653809,45875.15389630954
2025-07-16 01:50:27.900680,48879.585084624574,50101.05310153967,48756.623597941,49417.08528867722,2644789955.5301833,49417.08528867722
2025-07-17 01:50:27.900680,49086.684233715256,52070.91368623057,48180.14427027086,49658.6629634587,2609625037.197247,49658.6629634587
2025-07-18 01:50:27.900680,50093.14212242694,50697.99222595976,47548.60668963198,49871.749479508355,4538347552.918455,49871.749479508355
2025-07-19 01:50:27.900680,50838.93456334737,52250.20849396279,50468.875325043606,51020.5094753178,4582251392.527355,51020.5094753178
2025-07-20 01:50:27.900680,52518.25649838197,52321.90437364324,49963.493798907446,51813.87525238795,4636701056.214343,51813.87525238795
2025-07-21 01:50:27.900680,53050.73690178127,53809.84623414981,50734.33388204297,52215.24469097033,2255512306.060109,52215.24469097033
2025-07-22 01:50:27.900680,50743.313824093115,51758.92371447097,50239.79603693342,51042.58388580538,3764223250.957047,51042.58388580538
2025-07-23 01:50:27.900680,51276.02808215244,52357.79099652257,50091.803369368594,51821.4581346362,2086532725.0974786,51821.4581346362
2025-07-24 01:50:27.900680,55502.25108757347,56304.00981942669,52297.34056168726,54886.3699986243,1762439332.297799,54886.3699986243
2025-07-25 01:50:27.900680,56688.93692573026,57219.96646455503,55413.500849527845,57204.218717585645,1738529829.3894768,57204.218717585645
2025-07-26 01:50:27.900680,60839.86609629535,60087.77299487235,59897.921965763635,60064.75608228824,2368430483.454376,60064.75608228824
2025-07-27 01:50:27.900680,59029.16512707253,59858.33361461077,58149.14135876563,59209.78278452153,2719830479.1192865,59209.78278452153
2025-07-28 01:50:27.900680,57920.89908349817,57640.93647601421,56590.22049982945,57535.297749751146,4323796684.220274,57535.297749751146
2025-07-29 01:50:27.900680,56447.67687407114,57685.842463968365,56321.03068548506,57375.93851262922,1479564373.8908484,57375.93851262922
2025-07-30 01:50:27.900680,57814.45978036697,58504.16061649503,55225.3609058001,57529.43748930901,3939703389.579577,57529.43748930901
2025-07-31 01:50:27.900680,59393.89019184663,61896.741418661164,57777.990124920274,59508.69990110903,3125819656.757221,59508.69990110903
2025-08-01 01:50:27.900680,56815.37247789146,58238.67184069629,55914.1445464635,56619.224317717664,2151781370.70397,56619.224317717664
2025-08-02 01:50:27.900680,58549.15732848887,60858.13190107577,56671.02333159462,59337.12056776196,2971278338.131298,59337.12056776196
2025-08-03 01:50:27.900680,59675.71754823846,59983.088600896575,56981.09187518339,59115.6002040403,2199768279.1080904,59115.6002040403
2025-08-04 01:50:27.900680,59269.56958280757,61143.49443454044,56307.82427144114,58421.759833506425,3384327820.9532237,58421.759833506425
2025-08-05 01:50:27.900680,56088.46649012692,57857.4128248725,55120.14080695493,56731.25475262005,2735375691.4209766,56731.25475262005
2025-08-06 01:50:27.900680,53163.70819352107,54272.88643614758,53984.53107271068,54037.57235179535,1657622116.315515,54037.57235179535
2025-08-07 01:50:27.900680,54387.61019752251,57154.70061470723,52858.994206276184,55444.066758988636,1466332298.222787,55444.066758988636
2025-08-08 01:50:27.900680,55937.61441974757,55938.34082062601,54283.211749064496,55621.74630851976,3186782728.288521,55621.74630851976
2025-08-09 01:50:27.900680,53793.3595284312,54488.47951269034,51366.082947681396,53563.90453939927,4609652133.144414,53563.90453939927
2025-08-10 01:50:27.900680,51670.6131793623,52882.747979452186,51498.66096638674,51574.27776599156,2375830746.2307425,51574.27776599156
2025-08-11 01:50:27.900680,50560.44251385822,53342.44023929762,48842.54964565964,51108.43306975058,3932000428.890493,51108.43306975058
2025-08-12 01:50:27.900680,53551.662968738594,55113.677847094485,52182.466832930586,53786.373804099065,3634645419.759068,53786.373804099065
2025-08-13 01:50:27.900680,53624.40868073465,55298.343839487374,52722.37985675895,53422.52211649589,4726219657.237925,53422.52211649589
2025-08-14 01:50:27.900680,51111.463001137854,53655.618105261536,50362.94345027929,51118.07387904578,4283924069.1965632,51118.07387904578
2025-08-15 01:50:27.900680,51784.421062768924,51127.30901918304,49327.29233788764,50793.37024169639,3266421035.621852,50793.37024169639
2025-08-16 01:50:27.900680,49696.521698984594,51122.62797095623,48782.15804359545,50429.89388698824,3628121992.936429,50429.89388698824
2025-08-17 01:50:27.900680,46920.421508017535,47475.52171667548,45154.739393260636,46557.00764820555,4593545866.33614,46557.00764820555
2025-08-18 01:50:27.900680,46349.66640593929,47509.07524757083,44816.161539259425,46527.739663873785,2598075138.347739,46527.739663873785
2025-08-19 01:50:27.900680,46119.89889484406,47203.279963715664,44414.96112121147,46252.737469285625,2307178823.4311094,46252.737469285625
2025-08-20 01:50:27.900680,47687.680383085426,49421.61225709511,46054.19688574687,47276.19262770089,1043244334.5407853,47276.19262770089
2025-08-21 01:50:27.900680,50407.67757906652,51808.520652420746,48193.137771739224,50022.63107493931,4306204296.765857,50022.63107493931
2025-08-22 01:50:27.900680,52811.6675008254,53368.19409388687,49948.64771635436,51793.90485297481,4203922801.6134596,51793.90485297481
2025-08-23 01:50:27.900680,50664.72993858178,52224.724431848306,50546.547296171295,51429.18509335829,1417818072.4006057,51429.18509335829
2025-08-24 01:50:27.900680,49011.143982529706,51850.9815700968,49721.412003469864,49799.75366001147,3307429524.530801,49799.75366001147
2025-08-25 01:50:27.900680,54333.68373050511,56421.97594548407,52783.238013927126,53850.453845800606,2855926792.6675496,53850.453845800606
2025-08-26 01:50:27.900680,54169.496557448525,56217.42301553857,51508.01649382196,54000.18025154019,1474836382.0364459,54000.18025154019
2025-08-27 01:50:27.900680,53588.29352505605,54081.03206016498,51577.32625230599,54076.80026612324,4922272908.242894,54076.80026612324
2025-08-28 01:50:27.900680,53181.74336355607,55812.94380579853,53960.360776839305,54091.74090443899,1858783549.8534217,54091.74090443899
2025-08-29 01:50:27.900680,53565.83743530788,54607.84532041705,52554.8030340226,54468.58173523497,1268936720.3622446,54468.58173523497
2025-08-30 01:50:27.900680,55143.44375719922,54986.70099016694,51822.99011080639,54287.458920591205,3379389518.0076385,54287.458920591205
2025-08-31 01:50:27.900680,52756.20983368135,53573.53497906802,52343.71783135077,53414.560693094805,3955466708.5321307,53414.560693094805
2025-09-01 01:50:27.900680,52226.36264597766,54185.895463306224,51608.20896990902,52597.97456934046,1129773784.188748,52597.97456934046
2025-09-02 01:50:27.900680,52023.7870896926,54404.58324434006,51674.47706863183,52598.88988165735,3634870554.9080887,52598.88988165735
2025-09-03 01:50:27.900680,51499.661638667036,52096.63354247239,49902.67715600138,51800.10993059697,3129167503.8058176,51800.10993059697
2025-09-04 01:50:27.900680,49880.68280947893,51728.91966618497,48255.440924109644,50754.83569408747,1413060035.5001936,50754.83569408747
2025-09-05 01:50:27.900680,51006.95041008446,52130.767997945586,50878.93776769742,50968.09276244263,1690095507.7854483,50968.09276244263
2025-09-06 01:50:27.900680,49754.63755708724,51564.57754368289,48733.938007780205,50630.31402451041,3271897189.2643223,50630.31402451041
2025-09-07 01:50:27.900680,53657.053875765894,53340.89472972767,52161.20187242235,53020.05710786744,2185430454.0531535,53020.05710786744
2025-09-08 01:50:27.900680,48493.634092968394,50042.477420169285,48296.738422777686,49015.72591729501,4753262914.605265,49015.72591729501
2025-09-09 01:50:27.900680,50779.13726409552,52602.157402866804,49709.40418168418,50697.99630813948,4274960917.936203,50697.99630813948
2025-09-10 01:50:27.900680,53482.67119794472,52868.78243317556,50871.880288352884,52681.74205981502,4934268826.054652,52681.74205981502
2025-09-11 01:50:27.900680,49853.275161845784,49752.87366979762,47748.19830896178,49554.210803794325,2038683355.8016558,49554.210803794325
2025-09-12 01:50:27.900680,49161.168488171614,49967.34452778801,48108.79125013163,49096.444083190676,4878894531.191908,49096.444083190676
2025-09-13 01:50:27.900680,48259.46291906589,50889.403794889884,48275.570812478654,48600.964882903936,2724935479.166231,48600.964882903936
2025-09-14 01:50:27.900680,46326.571705654474,48197.15897237354,46513.89880398713,46638.11071638311,2390075181.255018,46638.11071638311
2025-09-15 01:50:27.900680,45917.216490716004,47155.657504597046,43569.12472201039,45608.017927072644,1201398107.877413,45608.017927072644
2025-09-16 01:50:27.900680,45030.454581499114,44956.73007176694,42291.61394873349,44157.6531996942,1211061031.4384105,44157.6531996942
2025-09-17 01:50:27.900680,46889.18607557832,47970.45962790066,46458.86786187726,46587.59811017118,3768045023.7866187,46587.59811017118
2025-09-18 01:50:27.900680,48072.64922464157,47986.088859420604,47329.98122470707,47961.79337167316,2831715977.7361116,47961.79337167316
2025-09-19 01:50:27.900680,50336.73335865012,51462.88557988518,49584.777755035226,49876.57109576127,1906086504.1444228,49876.57109576127
2025-09-20 01:50:27.900680,50948.1674993047,53348.93205535419,48985.123488736994,51019.174737175505,3455881225.3009305,51019.174737175505
2025-09-21 01:50:27.900680,48500.74013138915,50881.47776597401,48351.32869365049,49369.35976879724,2011432473.0004447,49369.35976879724
2025-09-22 01:50:27.900680,48768.42863269068,50772.35576383966,47920.26980565515,48647.20599130607,3310527017.3776903,48647.20599130607
2025-09-23 01:50:27.900680,50320.62860766916,51204.86198854984,48625.68631586496,49416.066939967575,2436834987.9307613,49416.066939967575
2025-09-24 01:50:27.900680,47065.43259632298,47972.19653998832,46273.64947451484,47684.75660285653,4294208906.447276,47684.75660285653
2025-09-25 01:50:27.900680,49135.07760837925,50964.84051464356,46363.77145453144,48764.45818623507,4282784643.067117,48764.45818623507
2025-09-26 01:50:27.900680,47882.83976223715,48623.5827817294,47451.956790008764,48462.580773031266,2909401592.489605,48462.580773031266
2025-09-27 01:50:27.900680,48037.37851575749,49249.31883322461,46177.249355204876,47968.63431196813,2403276437.340062,47968.63431196813
2025-09-28 01:50:27.900680,48260.41453589107,49400.36762807209,47703.46385358973,49051.7637969176,2450239186.236378,49051.7637969176
2025-09-29 01:50:27.900680,49660.85059346633,49788.75738233966,49654.093897497114,49759.6315505059,4222858102.6728716,49759.6315505059
2025-09-30 01:50:27.900680,49777.817456631885,50312.68408900997,47792.37578078526,49272.940636713545,2312717931.190448,49272.940636713545
2025-10-01 01:50:27.900680,50756.47269180517,51821.195003516135,50658.79111552015,51067.84041479856,1836237494.827384,51067.84041479856
2025-10-02 01:50:27.900680,49814.08924859152,50690.19653820772,47479.78478675217,49487.64552998504,1338753367.5012274,49487.64552998504
2025-10-03 01:50:27.900680,51057.36643446145,51917.32290000369,49634.61936198414,50461.01820051142,2866772483.537634,50461.01820051142
2025-10-04 01:50:27.900680,52296.89127901342,51530.750410610926,51359.18780455598,51418.30097140136,2928528395.6793675,51418.30097140136
2025-10-05 01:50:27.900680,50452.72279622456,51307.61058299052,48704.08647475576,50993.98914815415,4363634841.611629,50993.98914815415
2025-10-06 01:50:27.900680,51339.28566672244,52986.6974297682,48990.98286766826,51546.883697842495,1884954785.784256,51546.883697842495
2025-10-07 01:50:27.900680,49006.72006263504,50550.415987888475,48290.203646652975,49697.68483962728,2523965094.6735997,49697.68483962728
2025-10-08 01:50:27.900680,52153.2750011451,53010.44351715866,48825.3207669597,51145.73771983557,4233622955.574764,51145.73771983557
2025-10-09 01:50:27.900680,51783.31072467601,52574.23186501389,50273.16849024246,50913.702711145255,4294494442.995894,50913.702711145255
2025-10-10 01:50:27.900680,50251.852628779074,52292.93289903616,49957.30221389731,50171.664000185156,2538444303.915073,50171.664000185156
2025-10-11 01:50:27.900680,52536.55795511912,53621.99709846449,50360.8252973273,51827.48888462056,2836496093.1467237,51827.48888462056
2025-10-12 01:50:27.900680,50837.1984279854,51886.52553764969,48911.943445018354,50794.61633140078,2213143563.397132,50794.61633140078
2025-10-13 01:50:27.900680,48982.72971809168,50381.857764606015,47363.36886925084,48741.77827001258,4730219513.677248,48741.77827001258
2025-10-14 01:50:27.900680,45799.17515330305,47205.61199033902,45920.58796819723,46564.4631631174,1474575062.9663212,46564.4631631174
2025-10-15 01:50:27.900680,47950.872359944675,48193.18059502397,45114.38180075153,47466.20364934645,4734997692.00588,47466.20364934645
2025-10-16 01:50:27.900680,45042.28086648616,47526.9105435112,44784.59242682989,45723.16558784082,3735465807.341373,45723.16558784082
2025-10-17 01:50:27.900680,48872.12935291326,49319.74013880617,47310.11453566688,48242.91128257754,3126288610.746925,48242.91128257754
2025-10-18 01:50:27.900680,45879.068289906114,47178.291465244154,44545.41962629412,45367.2744635156,1130636243.1379836,45367.2744635156
2025-10-19 01:50:27.900680,48182.6901313762,49748.62577671909,45972.75660179079,47783.70631807993,2902384767.2880335,47783.70631807993
2025-10-20 01:50:27.900680,47242.19106700604,50199.22279332552,47447.06542400245,48135.272934252454,2630992420.010929,48135.272934252454
2025-10-21 01:50:27.900680,47665.49704497939,50245.76944070841,45861.183890648426,48043.83580262562,1644875247.9004903,48043.83580262562
2025-10-22 01:50:27.900680,46863.80326567122,48331.65000940645,45417.89856547993,47312.109022407865,3625638414.002628,47312.109022407865
2025-10-23 01:50:27.900680,47661.79335666383,48694.102863276144,47636.29683525129,47929.9394977771,4884603629.473143,47929.9394977771
2025-10-24 01:50:27.900680,47133.286647503766,49318.81246967016,47297.68658086207,47923.75496600557,3248755244.2581005,47923.75496600557
2025-10-25 01:50:27.900680,50452.771974725685,50506.340237694756,47140.86564006414,49586.090763814595,3859013105.775783,49586.090763814595
2025-10-26 01:50:27.900680,49913.27367599493,51302.944111415025,47934.31466368136,49806.086513772716,1273801810.2640672,49806.086513772716
2025-10-27 01:50:27.900680,49691.644811082646,51848.05839045464,48114.05366053982,50081.22806512497,2670667983.2679787,50081.22806512497
2025-10-28 01:50:27.900680,49383.11821411647,51294.26784071531,47779.512263673045,49587.45519035074,1465433940.6579835,49587.45519035074
2025-10-29 01:50:27.900680,49447.69191724354,50480.340053819535,47688.08266850022,49552.34142681846,3451183342.1460414,49552.34142681846
2025-10-30 01:50:27.900680,50263.50495509603,50479.73487273099,47715.47299824614,50062.06654665939,4753928632.856619,50062.06654665939
2025-10-31 01:50:27.900680,47635.843629186085,48630.77493264897,46318.10272820135,47605.9862444165,3647110929.8865542,47605.9862444165
2025-11-01 01:50:27.900680,46532.42928426533,46090.98432600235,45153.12689069751,45764.69544717936,1307212193.2576861,45764.69544717936
2025-11-02 01:50:27.900680,46837.74555768361,48928.195332523566,45922.33334501218,46843.43519335218,2418664819.9403315,46843.43519335218
2025-11-03 01:50:27.900680,48059.1185362328,47946.35942750947,46360.37830337273,47131.27710518578,3202653517.7634063,47131.27710518578
2025-11-04 01:50:27.900680,47578.284678826894,47281.10081581388,44763.18141528199,46918.74791863651,2612831024.5330086,46918.74791863651
2025-11-05 01:50:27.900680,46443.76707754753,47051.46182548275,46877.693561034015,46991.670188456446,4334576041.900689,46991.670188456446
2025-11-06 01:50:27.900680,48350.42284803548,49066.598421945644,47147.90691771073,47531.7451675231,4258684018.8399568,47531.7451675231
2025-11-07 01:50:27.900680,46096.670054586524,48305.89442508859,46358.82785544874,46815.06330941088,3447324080.4128857,46815.06330941088
2025-11-08 01:50:27.900680,46361.71078091117,46560.04150981676,45375.198359523194,45780.391898400776,2493831780.530821,45780.391898400776
2025-11-09 01:50:27.900680,45876.12032317383,46261.51537903193,45941.14337751763,46096.232982236055,2021345495.0529766,46096.232982236055
